Common Name,Distribution,Endangered Species Act Status,NatureServe Global Rank,NatureServe Rounded Global Rank,Scientific Name,Species Group (Fine),View on NatureServe Explorer,_id
Streamside Salamander,"United States: IN (S3), KY (S5), OH (SNR), TN (S2), WV (S1)",Under Review,G4,G4,Ambystoma barbouri,Amphibians,https://explorer.natureserve.org/Taxon/ELEMENT_GLOBAL.2.100100/Ambystoma_barbouri,645ab24495bd22ca2330fb03
Reticulated Flatwoods Salamander,"United States: AL (SX), FL (S1), GA (S1)",Endangered,G2,G2,Ambystoma bishopi,Amphibians,https://explorer.natureserve.org/Taxon/ELEMENT_GLOBAL.2.802300/Ambystoma_bishopi,645ab24495bd22ca2330fb04
California Tiger Salamander,United States: CA (S2),Endangered; Threatened,G2G3,G2,Ambystoma californiense,Amphibians,https://explorer.natureserve.org/Taxon/ELEMENT_GLOBAL.2.104488/Ambystoma_californiense,645ab24495bd22ca2330fb05
Frosted Flatwoods Salamander,"United States: FL (S1), GA (S1), SC (S1)",Threatened,G2,G2,Ambystoma cingulatum,Amphibians,https://explorer.natureserve.org/Taxon/ELEMENT_GLOBAL.2.802301/Ambystoma_cingulatum,645ab24495bd22ca2330fb06
Wyoming Toad,United States: WY (S1),Endangered,G1,G1,Anaxyrus baxteri,Amphibians,https://explorer.natureserve.org/Taxon/ELEMENT_GLOBAL.2.101600/Anaxyrus_baxteri,645ab24495bd22ca2330fb07
Arroyo Toad,United States: CA (S2),Endangered,G2G3,G2,Anaxyrus californicus,Amphibians,https://explorer.natureserve.org/Taxon/ELEMENT_GLOBAL.2.106312/Anaxyrus_californicus,645ab24495bd22ca2330fb08
Yosemite Toad,United States: CA (S2),Threatened,G2G3,G2,Anaxyrus canorus,Amphibians,https://explorer.natureserve.org/Taxon/ELEMENT_GLOBAL.2.105396/Anaxyrus_canorus,645ab24495bd22ca2330fb09
Houston Toad,United States: TX (S1),Endangered,G1,G1,Anaxyrus houstonensis,Amphibians,https://explorer.natureserve.org/Taxon/ELEMENT_GLOBAL.2.103748/Anaxyrus_houstonensis,645ab24495bd22ca2330fb0a
Arizona Toad,"United States: AZ (S3), NM (S3), NV (S2), UT (S3)",Under Review,G3G4,G3,Anaxyrus microscaphus,Amphibians,https://explorer.natureserve.org/Taxon/ELEMENT_GLOBAL.2.105766/Anaxyrus_microscaphus,645ab24495bd22ca2330fb0b
Dixie Valley Toad,United States: NV (S1),Endangered,G1,G1,Anaxyrus williamsi,Amphibians,https://explorer.natureserve.org/Taxon/ELEMENT_GLOBAL.2.106026/Anaxyrus_williamsi,645ab24495bd22ca2330fb0c
Relictual Slender Salamander,United States: CA (S1),Proposed endangered,G1,G1,Batrachoseps relictus,Amphibians,https://explorer.natureserve.org/Taxon/ELEMENT_GLOBAL.2.889920/Batrachoseps_relictus,645ab24495bd22ca2330fb0d
Kern Canyon Slender Salamander,United States: CA (S2),Proposed threatened,G2G3,G2,Batrachoseps simatus,Amphibians,https://explorer.natureserve.org/Taxon/ELEMENT_GLOBAL.2.894174/Batrachoseps_simatus,645ab24495bd22ca2330fb0e
Cumberland Dusky Salamander,United States: TN (S2),Under Review,G2G3,G2,Desmognathus abditus,Amphibians,https://explorer.natureserve.org/Taxon/ELEMENT_GLOBAL.2.681169/Desmognathus_abditus,645ab24495bd22ca2330fb0f
Seepage Salamander,"United States: AL (S2), GA (S3), NC (S3), SC (SU), TN (S2)",Under Review,G3G4,G3,Desmognathus aeneus,Amphibians,https://explorer.natureserve.org/Taxon/ELEMENT_GLOBAL.2.100247/Desmognathus_aeneus,645ab24495bd22ca2330fb10
Pine Barrens Treefrog,"United States: AL (S2), FL (S3), NC (S2), NJ (S2), SC (S2)",Delisted,G4,G4,Dryophytes andersonii,Amphibians,https://explorer.natureserve.org/Taxon/ELEMENT_GLOBAL.2.102258/Dryophytes_andersonii,645ab24495bd22ca2330fb11
"Chamberlain's Dwarf Salamander","United States: NC (S4), SC (S3)",Under Review,G4,G4,Eurycea chamberlaini,Amphibians,https://explorer.natureserve.org/Taxon/ELEMENT_GLOBAL.2.101323/Eurycea_chamberlaini,645ab24495bd22ca2330fb12
Salado Salamander,United States: TX (S1),Threatened,G1,G1,Eurycea chisholmensis,Amphibians,https://explorer.natureserve.org/Taxon/ELEMENT_GLOBAL.2.103095/Eurycea_chisholmensis,645ab24495bd22ca2330fb13
Cascade Caverns Salamander,United States: TX (S2),Under Review,G3,G3,Eurycea latitans,Amphibians,https://explorer.natureserve.org/Taxon/ELEMENT_GLOBAL.2.1128646/Eurycea_latitans,645ab24495bd22ca2330fb14
San Marcos Salamander,United States: TX (S1),Threatened,G1,G1,Eurycea nana,Amphibians,https://explorer.natureserve.org/Taxon/ELEMENT_GLOBAL.2.106379/Eurycea_nana,645ab24495bd22ca2330fb15
Georgetown Salamander,United States: TX (S1),Threatened,G1,G1,Eurycea naufragia,Amphibians,https://explorer.natureserve.org/Taxon/ELEMENT_GLOBAL.2.105895/Eurycea_naufragia,645ab24495bd22ca2330fb16
Texas Salamander,United States: TX (S1),Under Review,G1G2,G1,Eurycea neotenes,Amphibians,https://explorer.natureserve.org/Taxon/ELEMENT_GLOBAL.2.105042/Eurycea_neotenes,645ab24495bd22ca2330fb17
Texas Blind Salamander,United States: TX (S1),Endangered,G1,G1,Eurycea rathbuni,Amphibians,https://explorer.natureserve.org/Taxon/ELEMENT_GLOBAL.2.103877/Eurycea_rathbuni,645ab24495bd22ca2330fb18
Barton Springs Salamander,United States: TX (S1),Endangered,G1,G1,Eurycea sosorum,Amphibians,https://explorer.natureserve.org/Taxon/ELEMENT_GLOBAL.2.104730/Eurycea_sosorum,645ab24495bd22ca2330fb19
Jollyville Plateau Salamander,United States: TX (S2),Threatened,G2,G2,Eurycea tonkawae,Amphibians,https://explorer.natureserve.org/Taxon/ELEMENT_GLOBAL.2.102602/Eurycea_tonkawae,645ab24495bd22ca2330fb1a
Georgia Blind Salamander,"United States: FL (S2), GA (S1)",Under Review,G2,G2,Eurycea wallacei,Amphibians,https://explorer.natureserve.org/Taxon/ELEMENT_GLOBAL.2.101825/Eurycea_wallacei,645ab24495bd22ca2330fb1b
Austin Blind Salamander,United States: TX (S1),Endangered,G1,G1,Eurycea waterlooensis,Amphibians,https://explorer.natureserve.org/Taxon/ELEMENT_GLOBAL.2.102183/Eurycea_waterlooensis,645ab24495bd22ca2330fb1c
Tennessee Cave Salamander,"United States: AL (S2), GA (S1), TN (S2)",Under Review,G2G3,G2,Gyrinophilus palleucus,Amphibians,https://explorer.natureserve.org/Taxon/ELEMENT_GLOBAL.2.100081/Gyrinophilus_palleucus,645ab24495bd22ca2330fb1d
West Virginia Salamander,United States: WV (S1),Under Review,G1,G1,Gyrinophilus subterraneus,Amphibians,https://explorer.natureserve.org/Taxon/ELEMENT_GLOBAL.2.101890/Gyrinophilus_subterraneus,645ab24495bd22ca2330fb1e
Limestone Salamander,United States: CA (S2),Under Review,G2G3,G2,Hydromantes brunus,Amphibians,https://explorer.natureserve.org/Taxon/ELEMENT_GLOBAL.2.104428/Hydromantes_brunus,645ab24495bd22ca2330fb1f
Gopher Frog,"United States: AL (S2), FL (S3), GA (S2), NC (S2), SC (S1), TN (S1)",Under Review,G2G3,G2,Lithobates capito,Amphibians,https://explorer.natureserve.org/Taxon/ELEMENT_GLOBAL.2.105963/Lithobates_capito,645ab24495bd22ca2330fb20
Chiricahua Leopard Frog,"United States: AZ (S2), NM (S2)",Threatened,G3?,G3,Lithobates chiricahuensis,Amphibians,https://explorer.natureserve.org/Taxon/ELEMENT_GLOBAL.2.105648/Lithobates_chiricahuensis,645ab24495bd22ca2330fb21
Dusky Gopher Frog,"United States: AL (SH), LA (SH), MS (S1)",Endangered,G1,G1,Lithobates sevosus,Amphibians,https://explorer.natureserve.org/Taxon/ELEMENT_GLOBAL.2.103781/Lithobates_sevosus,645ab24495bd22ca2330fb22
Black Warrior River Waterdog,United States: AL (S1),Endangered,G1,G1,Necturus alabamensis,Amphibians,https://explorer.natureserve.org/Taxon/ELEMENT_GLOBAL.2.100237/Necturus_alabamensis,645ab24495bd22ca2330fb23
Neuse River Waterdog,United States: NC (S2),Threatened,G2,G2,Necturus lewisi,Amphibians,https://explorer.natureserve.org/Taxon/ELEMENT_GLOBAL.2.100341/Necturus_lewisi,645ab24495bd22ca2330fb24
Black-spotted Newt,United States: TX (S3),Under Review,G3,G3,Notophthalmus meridionalis,Amphibians,https://explorer.natureserve.org/Taxon/ELEMENT_GLOBAL.2.101904/Notophthalmus_meridionalis,645ab24495bd22ca2330fb25
Red Hills Salamander,United States: AL (S2),Threatened,G2,G2,Phaeognathus hubrichti,Amphibians,https://explorer.natureserve.org/Taxon/ELEMENT_GLOBAL.2.103613/Phaeognathus_hubrichti,645ab24495bd22ca2330fb26
Jemez Mountains Salamander,United States: NM (S2),Endangered,G1G2,G1,Plethodon neomexicanus,Amphibians,https://explorer.natureserve.org/Taxon/ELEMENT_GLOBAL.2.101803/Plethodon_neomexicanus,645ab24495bd22ca2330fb27
Cheat Mountain Salamander,United States: WV (S2),Threatened,G1G2,G1,Plethodon nettingi,Amphibians,https://explorer.natureserve.org/Taxon/ELEMENT_GLOBAL.2.101589/Plethodon_nettingi,645ab24495bd22ca2330fb28
Shenandoah Salamander,United States: VA (S1),Endangered,G1,G1,Plethodon shenandoah,Amphibians,https://explorer.natureserve.org/Taxon/ELEMENT_GLOBAL.2.101967/Plethodon_shenandoah,645ab24495bd22ca2330fb29
Illinois Chorus Frog,"United States: AR (S1), IL (S2), MO (S2)",Under Review,G3,G3,Pseudacris illinoensis,Amphibians,https://explorer.natureserve.org/Taxon/ELEMENT_GLOBAL.2.869802/Pseudacris_illinoensis,645ab24495bd22ca2330fb2a
Cascades Frog,"United States: CA (S3), OR (S3), WA (S3)",Under Review,G3,G3,Rana cascadae,Amphibians,https://explorer.natureserve.org/Taxon/ELEMENT_GLOBAL.2.103017/Rana_cascadae,645ab24495bd22ca2330fb2b
Southern Mountain Yellow-legged Frog,United States: CA (S1),Endangered,G1,G1,Rana muscosa,Amphibians,https://explorer.natureserve.org/Taxon/ELEMENT_GLOBAL.2.802507/Rana_muscosa,645ab24495bd22ca2330fb2c
Oregon Spotted Frog,"Canada: BC (S1)
United States: CA (SH), OR (S1), WA (S1)",Threatened,G2,G2,Rana pretiosa,Amphibians,https://explorer.natureserve.org/Taxon/ELEMENT_GLOBAL.2.101451/Rana_pretiosa,645ab24495bd22ca2330fb2d
Sierra Nevada Yellow-legged Frog,"United States: CA (S1), NV (SH)",Endangered,G2,G2,Rana sierrae,Amphibians,https://explorer.natureserve.org/Taxon/ELEMENT_GLOBAL.2.802511/Rana_sierrae,645ab24495bd22ca2330fb2e
Cascade Torrent Salamander,"United States: OR (S3), WA (S3)",Under Review,G3,G3,Rhyacotriton cascadae,Amphibians,https://explorer.natureserve.org/Taxon/ELEMENT_GLOBAL.2.102976/Rhyacotriton_cascadae,645ab24495bd22ca2330fb2f
Columbia Torrent Salamander,"United States: OR (S3), WA (S3)",Under Review,G2G3,G2,Rhyacotriton kezeri,Amphibians,https://explorer.natureserve.org/Taxon/ELEMENT_GLOBAL.2.103633/Rhyacotriton_kezeri,645ab24495bd22ca2330fb30
Western Spadefoot,United States: CA (S3),Under Review,G2G3,G2,Spea hammondii,Amphibians,https://explorer.natureserve.org/Taxon/ELEMENT_GLOBAL.2.100387/Spea_hammondii,645ab24495bd22ca2330fb31
Mariana Swiftlet,United States: HI (SNA),Endangered,G1,G1,Aerodramus bartschi,Birds,https://explorer.natureserve.org/Taxon/ELEMENT_GLOBAL.2.101607/Aerodramus_bartschi,645ab24495bd22ca2330fb32
Kauai Akialoa,United States: HI (SX),Endangered; Proposed for delisting,GX,GX,Akialoa stejnegeri,Birds,https://explorer.natureserve.org/Taxon/ELEMENT_GLOBAL.2.1216261/Akialoa_stejnegeri,645ab24495bd22ca2330fb33
Mexican Duck,"United States: AZ (S4), NM (SNR), NV (SNA), TX (SNR)",Delisted,G5,G5,Anas diazi,Birds,https://explorer.natureserve.org/Taxon/ELEMENT_GLOBAL.2.103691/Anas_diazi,645ab24495bd22ca2330fb34
Laysan Duck,United States: HI (S1),Endangered,G1G2,G1,Anas laysanensis,Birds,https://explorer.natureserve.org/Taxon/ELEMENT_GLOBAL.2.101903/Anas_laysanensis,645ab24495bd22ca2330fb35
Hawaiian Duck,United States: HI (S1),Endangered,G2,G2,Anas wyvilliana,Birds,https://explorer.natureserve.org/Taxon/ELEMENT_GLOBAL.2.100758/Anas_wyvilliana,645ab24495bd22ca2330fb36
Florida Scrub-Jay,United States: FL (S1),Threatened,G1G2,G1,Aphelocoma coerulescens,Birds,https://explorer.natureserve.org/Taxon/ELEMENT_GLOBAL.2.103378/Aphelocoma_coerulescens,645ab24495bd22ca2330fb37
Hawaiian Goose,United States: HI (S1),Threatened,G2,G2,Branta sandvicensis,Birds,https://explorer.natureserve.org/Taxon/ELEMENT_GLOBAL.2.106176/Branta_sandvicensis,645ab24495bd22ca2330fb38
Hawaiian Hawk,United States: HI (S3),Delisted,G3,G3,Buteo solitarius,Birds,https://explorer.natureserve.org/Taxon/ELEMENT_GLOBAL.2.104065/Buteo_solitarius,645ab24495bd22ca2330fb39
Ivory-billed Woodpecker,"United States: AL (SX), AR (SU), FL (SX), GA (SX), IL (SX), KY (SX), LA (SX), MD (SX), MO (SX), MS (SX), NC (SX), OH (SX), OK (SXB), SC (SX), TN (SX), TX (SX)",Endangered; Proposed for delisting,GX,GX,Campephilus principalis,Birds,https://explorer.natureserve.org/Taxon/ELEMENT_GLOBAL.2.102822/Campephilus_principalis,645ab24495bd22ca2330fb3a
Gunnison Sage-Grouse,"United States: CO (S1), OK (SX), UT (S2)",Threatened,G2G3,G2,Centrocercus minimus,Birds,https://explorer.natureserve.org/Taxon/ELEMENT_GLOBAL.2.100905/Centrocercus_minimus,645ab24495bd22ca2330fb3b
Piping Plover,"Canada: AB (S2B), MB (S1B), NB (S1B), NF (S1B,SUM), NS (S1B), ON (S1B), PE (S1B), QC (SNA), SK (S3B)
United States: AL (S1N), AR (S1M), CO (S1B), CT (S1B), DE (S1B), FL (S2), GA (S2), IA (S1B), IL (S1), IN (SXB), KS (S1B,S2N), KY (SNA), LA (S2N), MA (S2B), MD (S1B), ME (S2B), MI (S2), MN (S1B), MO (SNA), MS (S2N), MT (S2B), NC (S1B,S1N), ND (S1), NE (S2), NH (S1B), NJ (S1B,S1N), NY (S3B), OH (SX), OK (SNR), PA (S1B,S1M), RI (S1B,S1N), SC (S2N), SD (S3B), TN (S2N), TX (S2N), VA (S2B,S1N), WI (S1B), WY (SNA)",Endangered; Threatened,G3,G3,Charadrius melodus,Birds,https://explorer.natureserve.org/Taxon/ELEMENT_GLOBAL.2.106046/Charadrius_melodus,645ab24495bd22ca2330fb3c
"Oahu 'Elepaio",United States: HI (S1),Endangered,G1,G1,Chasiempis ibidis,Birds,https://explorer.natureserve.org/Taxon/ELEMENT_GLOBAL.2.102764/Chasiempis_ibidis,645ab24495bd22ca2330fb3d
Hawaiian Crow,United States: HI (SX),Endangered,GXC,GH,Corvus hawaiiensis,Birds,https://explorer.natureserve.org/Taxon/ELEMENT_GLOBAL.2.104216/Corvus_hawaiiensis,645ab24495bd22ca2330fb3e
"'I'Iwi",United States: HI (S4),Threatened,G4,G4,Drepanis coccinea,Birds,https://explorer.natureserve.org/Taxon/ELEMENT_GLOBAL.2.106167/Drepanis_coccinea,645ab24495bd22ca2330fb3f
Red-cockaded Woodpecker,"United States: AL (S2), AR (S1), FL (S2), GA (S2), KY (SX), LA (S2), MD (SHB), MO (SX), MS (S1), NC (S2), OK (S1B), SC (S2), TN (SX), TX (S2), VA (S1)",Endangered; Proposed threatened,G3,G3,Dryobates borealis,Birds,https://explorer.natureserve.org/Taxon/ELEMENT_GLOBAL.2.103433/Dryobates_borealis,645ab24495bd22ca2330fb40
Alae Keokeo,United States: HI (S2),Endangered,G3?,G3,Fulica alai,Birds,https://explorer.natureserve.org/Taxon/ELEMENT_GLOBAL.2.101682/Fulica_alai,645ab24495bd22ca2330fb41
Whooping Crane,"Canada: AB (S1B), MB (SXB,S1M), NT (S1), ON (SNA), SK (SXB,S1M)
United States: AL (S1N), AR (SX), FL (SNR), GA (S1), IA (SXB), IL (SX), IN (S1N,S1M), KS (S1N), KY (SNA), LA (SH), MN (SXB,SNRM), MT (S1M), ND (SX), NE (S1), OK (S1M), SC (S1N), SD (S1M), TN (SX), TX (S1N), UT (SXM), WI (SXB)","Endangered; Experimental population, non-essential",G1,G1,Grus americana,Birds,https://explorer.natureserve.org/Taxon/ELEMENT_GLOBAL.2.102973/Grus_americana,645ab24495bd22ca2330fb42
California Condor,"Canada: AB (SX)
United States: AZ (SX,S1), CA (S1), OR (SX), WA (SX)","Endangered; Experimental population, non-essential",G1,G1,Gymnogyps californianus,Birds,https://explorer.natureserve.org/Taxon/ELEMENT_GLOBAL.2.101273/Gymnogyps_californianus,645ab24495bd22ca2330fb43
Bald Eagle,"Canada: AB (S4B,SUN), BC (S5B,S5N), LB (S4B,SUM), MB (S5B,S3N), NB (S4), NF (S4), NS (S5), NT (S5), NU (SUB), ON (S4), PE (S5), QC (S4), SK (S5B,S5N,S4M), YT (S4B)
United States: AK (S5), AL (S4B), AR (S3B,S4N), AZ (S2,S4N), CA (S3), CO (S3B,S3N), CT (S3B,S3N), DC (S2N,SXB), DE (S2B,S3N), FL (S3), GA (S3), IA (S3B,S3N), ID (S5), IL (S4), IN (S3), KS (S2B,S4N), KY (S3B,S3N), LA (S3), MA (S2B,S3N), MD (S3), ME (S4B,S4N), MI (S4), MN (S3B,S3N), MO (S3), MS (S3B,S2N), MT (S4), NC (S3B,S3N), ND (S1), NE (S3), NH (S2), NJ (S1B,S2N), NM (S1B,S4N), NN (S2N), NV (S2B,S4N), NY (S2B,S2N), OH (S3), OK (S2), OR (S4B,S4N), PA (S4B,S5N,S4M), RI (S1B,S1N), SC (S3B,S3N), SD (S4B,S2N), TN (S3), TX (S3B,S3N), UT (S2B,S4N), VA (S3B,S3N), VT (S1B,S4N), WA (S4B,S4N), WI (S4B,S4N), WV (S3B,S3N), WY (S4B,S5N)",Delisted,G5,G5,Haliaeetus leucocephalus,Birds,https://explorer.natureserve.org/Taxon/ELEMENT_GLOBAL.2.104470/Haliaeetus_leucocephalus,645ab24495bd22ca2330fb44
"Maui Nukupu'u",United States: HI (SX),Endangered; Proposed for delisting,GX,GX,Hemignathus affinis,Birds,https://explorer.natureserve.org/Taxon/ELEMENT_GLOBAL.2.103720/Hemignathus_affinis,645ab24495bd22ca2330fb45
"Kauai Nukupu'u",United States: HI (SH),Endangered; Proposed for delisting,GX,GX,Hemignathus hanapepe,Birds,https://explorer.natureserve.org/Taxon/ELEMENT_GLOBAL.2.100315/Hemignathus_hanapepe,645ab24495bd22ca2330fb46
Akiapolaau,United States: HI (S1),Endangered,G1,G1,Hemignathus wilsoni,Birds,https://explorer.natureserve.org/Taxon/ELEMENT_GLOBAL.2.102827/Hemignathus_wilsoni,645ab24495bd22ca2330fb47
Palila,United States: HI (S1),Endangered,G1,G1,Loxioides bailleui,Birds,https://explorer.natureserve.org/Taxon/ELEMENT_GLOBAL.2.100896/Loxioides_bailleui,645ab24495bd22ca2330fb48
Akekee,United States: HI (S1),Endangered,G1,G1,Loxops caeruleirostris,Birds,https://explorer.natureserve.org/Taxon/ELEMENT_GLOBAL.2.101614/Loxops_caeruleirostris,645ab24495bd22ca2330fb49
`Akepa,United States: HI (S1),Endangered,G1G2,G1,Loxops coccineus,Birds,https://explorer.natureserve.org/Taxon/ELEMENT_GLOBAL.2.104701/Loxops_coccineus,645ab24495bd22ca2330fb4a
Hawaii Creeper,United States: HI (S2),Endangered,G2G3,G2,Loxops mana,Birds,https://explorer.natureserve.org/Taxon/ELEMENT_GLOBAL.2.103785/Loxops_mana,645ab24495bd22ca2330fb4b
"Maui 'Akepa",United States: HI (SH),Endangered; Proposed for delisting,GH,GH,Loxops ochraceus,Birds,https://explorer.natureserve.org/Taxon/ELEMENT_GLOBAL.2.100383/Loxops_ochraceus,645ab24495bd22ca2330fb4c
"Po'Ouli",United States: HI (SX),Endangered; Proposed for delisting,GX,GX,Melamprosops phaeosoma,Birds,https://explorer.natureserve.org/Taxon/ELEMENT_GLOBAL.2.102431/Melamprosops_phaeosoma,645ab24495bd22ca2330fb4d
"Kauai 'o'o",United States: HI (SX),Endangered; Proposed for delisting,GX,GX,Moho braccatus,Birds,https://explorer.natureserve.org/Taxon/ELEMENT_GLOBAL.2.106541/Moho_braccatus,645ab24495bd22ca2330fb4e
Kamao,United States: HI (SX),Endangered; Proposed for delisting,GX,GX,Myadestes myadestinus,Birds,https://explorer.natureserve.org/Taxon/ELEMENT_GLOBAL.2.106065/Myadestes_myadestinus,645ab24495bd22ca2330fb4f
Puaiohi,United States: HI (S1),Endangered,G1,G1,Myadestes palmeri,Birds,https://explorer.natureserve.org/Taxon/ELEMENT_GLOBAL.2.103255/Myadestes_palmeri,645ab24495bd22ca2330fb50
Eskimo Curlew,"Canada: AB (SXB), LB (SHM), MB (SXM), NB (SXM), NF (SHM), NS (SXM), NT (SHB), NU (SHB), ON (SXM), PE (SXM), QC (SXB), SK (SXB)
United States: AK (SH), AR (SNA), CO (SX), CT (SHN), IA (SXN), IL (SXN), IN (SXN), KS (SHN), LA (SHN), MA (SX), MD (SXM), ME (SXN), MN (SXM), MO (SNA), ND (SNA), NE (SXN), NJ (SXN), NY (SXN), OH (SNA), OK (SXN), RI (SNA), SC (SX), SD (SX), TX (SHN)",Endangered,GH,GH,Numenius borealis,Birds,https://explorer.natureserve.org/Taxon/ELEMENT_GLOBAL.2.100370/Numenius_borealis,645ab24495bd22ca2330fb51
Akikiki,United States: HI (S1),Endangered,G1,G1,Oreomystis bairdi,Birds,https://explorer.natureserve.org/Taxon/ELEMENT_GLOBAL.2.100733/Oreomystis_bairdi,645ab24495bd22ca2330fb52
Akohekohe,United States: HI (S1),Endangered,G1,G1,Palmeria dolei,Birds,https://explorer.natureserve.org/Taxon/ELEMENT_GLOBAL.2.104015/Palmeria_dolei,645ab24495bd22ca2330fb53
Kakawahie,United States: HI (SX),Endangered; Proposed for delisting,GX,GX,Paroreomyza flammea,Birds,https://explorer.natureserve.org/Taxon/ELEMENT_GLOBAL.2.105914/Paroreomyza_flammea,645ab24495bd22ca2330fb54
Oahu Alauahio,United States: HI (SH),Endangered,GH,GH,Paroreomyza maculata,Birds,https://explorer.natureserve.org/Taxon/ELEMENT_GLOBAL.2.102860/Paroreomyza_maculata,645ab24495bd22ca2330fb55
Brown Pelican,"Canada: BC (SNRM)
United States: AL (S3), AZ (S1N), CA (SNR), DE (S1N), FL (S3), GA (S2), IL (SNA), LA (S3), MD (S1B), MS (S1N), NC (S3B,S4N), NJ (S4N), NV (S1N), OR (S2N), SC (S1), TX (S3B), VA (S2B,S3N), WA (S3N)",Delisted,G4,G4,Pelecanus occidentalis,Birds,https://explorer.natureserve.org/Taxon/ELEMENT_GLOBAL.2.817986/Pelecanus_occidentalis,645ab24495bd22ca2330fb56
Short-tailed Albatross,"Canada: BC (S1N)
United States: AK (S1N), CA (S1), HI (S1), WA (SNA)",Endangered,G1,G1,Phoebastria albatrus,Birds,https://explorer.natureserve.org/Taxon/ELEMENT_GLOBAL.2.103001/Phoebastria_albatrus,645ab24495bd22ca2330fb57
Kiwikiu,United States: HI (S1),Endangered,G1,G1,Pseudonestor xanthophrys,Birds,https://explorer.natureserve.org/Taxon/ELEMENT_GLOBAL.2.105354/Pseudonestor_xanthophrys,645ab24495bd22ca2330fb58
"'O'u",United States: HI (SX),Endangered,GX,GX,Psittirostra psittacea,Birds,https://explorer.natureserve.org/Taxon/ELEMENT_GLOBAL.2.101290/Psittirostra_psittacea,645ab24495bd22ca2330fb59
Black-capped Petrel,"United States: AL (SNA), FL (SNA), GA (SNRN), NC (S1N), SC (S1N)",Proposed threatened,G1,G1,Pterodroma hasitata,Birds,https://explorer.natureserve.org/Taxon/ELEMENT_GLOBAL.2.102546/Pterodroma_hasitata,645ab24495bd22ca2330fb5a
Hawaiian Petrel,United States: HI (S2),Endangered,G1G2,G1,Pterodroma sandwichensis,Birds,https://explorer.natureserve.org/Taxon/ELEMENT_GLOBAL.2.100488/Pterodroma_sandwichensis,645ab24495bd22ca2330fb5b
"Newell's Shearwater",United States: HI (S1),Threatened,G1G2Q,G1,Puffinus newelli,Birds,https://explorer.natureserve.org/Taxon/ELEMENT_GLOBAL.2.104360/Puffinus_newelli,645ab24495bd22ca2330fb5c
"Ridgway's Rail","United States: AZ (S3), CA (SNR), NV (SNR)",Endangered,G3,G3,Rallus obsoletus,Birds,https://explorer.natureserve.org/Taxon/ELEMENT_GLOBAL.2.100535/Rallus_obsoletus,645ab24495bd22ca2330fb5d
Thick-billed Parrot,United States: AZ (SH),Endangered,G1G2,G1,Rhynchopsitta pachyrhyncha,Birds,https://explorer.natureserve.org/Taxon/ELEMENT_GLOBAL.2.100639/Rhynchopsitta_pachyrhyncha,645ab24495bd22ca2330fb5e
Golden-cheeked Warbler,United States: TX (S2B),Endangered,G2,G2,Setophaga chrysoparia,Birds,https://explorer.natureserve.org/Taxon/ELEMENT_GLOBAL.2.104938/Setophaga_chrysoparia,645ab24495bd22ca2330fb5f
"Kirtland's Warbler","Canada: ON (S1B)
United States: FL (S1), GA (SNRN), IN (SNA), MI (S3), OH (S1N), PA (SNA), SC (S1M), VA (SNA), WI (S1B)",Delisted,G3G4,G3,Setophaga kirtlandii,Birds,https://explorer.natureserve.org/Taxon/ELEMENT_GLOBAL.2.102456/Setophaga_kirtlandii,645ab24495bd22ca2330fb60
Spectacled Eider,United States: AK (S2B),Threatened,G4,G4,Somateria fischeri,Birds,https://explorer.natureserve.org/Taxon/ELEMENT_GLOBAL.2.100614/Somateria_fischeri,645ab24495bd22ca2330fb61
Laysan Finch,United States: HI (S1),Endangered,G1,G1,Telespiza cantans,Birds,https://explorer.natureserve.org/Taxon/ELEMENT_GLOBAL.2.103535/Telespiza_cantans,645ab24495bd22ca2330fb62
Nihoa Finch,United States: HI (S1),Endangered,G1,G1,Telespiza ultima,Birds,https://explorer.natureserve.org/Taxon/ELEMENT_GLOBAL.2.102677/Telespiza_ultima,645ab24495bd22ca2330fb63
"Bachman's Warbler","United States: AL (SX), AR (SH), DC (SXB,SXN), FL (SX), GA (SH), IL (SX), KY (SXB), LA (SH), MO (SX), MS (SXB), NC (SXB), OK (SX), SC (SX), TN (SX), VA (SX)",Endangered; Proposed for delisting,GX,GX,Vermivora bachmanii,Birds,https://explorer.natureserve.org/Taxon/ELEMENT_GLOBAL.2.106306/Vermivora_bachmanii,645ab24495bd22ca2330fb64
Golden-winged Warbler,"Canada: MB (S2B), ON (S3B), QC (S2B)
United States: AL (SNRM), AR (S2N), CO (SNA), CT (S1B), DC (S3N), DE (SNA), FL (SNA), GA (S1B,S2M), IA (S1N), IL (S1), IN (S1B), KS (SNA), KY (S1B), LA (S2M), MA (S1B), MD (S2B), MI (S5), MN (SNRB), MO (SNA), MS (SNA), NC (S2B), ND (S3), NE (SNRN), NH (S2B), NJ (S1B,S3N), NY (S3B), OH (S1), OK (S3N), PA (S2B,S3M), RI (SXB,S2N), SC (S1B), SD (SNA), TN (S3B), TX (S3), VA (S3B), VT (S3B), WI (S3B), WV (S1B)",Under Review,G4,G4,Vermivora chrysoptera,Birds,https://explorer.natureserve.org/Taxon/ELEMENT_GLOBAL.2.102068/Vermivora_chrysoptera,645ab24495bd22ca2330fb65
Black-capped Vireo,"United States: KS (SXB), OK (S1B), TX (S3B)",Delisted,G5,G5,Vireo atricapilla,Birds,https://explorer.natureserve.org/Taxon/ELEMENT_GLOBAL.2.105332/Vireo_atricapilla,645ab24495bd22ca2330fb66
American Alligator,"United States: AL (S4), AR (S4), FL (S4), GA (S4), LA (S5), MS (S4), NC (S3), OK (S4), SC (S5), TN (S3), TX (S4)",Threatened due to similarity of appearance,G5,G5,Alligator mississippiensis,Crocodilians,https://explorer.natureserve.org/Taxon/ELEMENT_GLOBAL.2.100172/Alligator_mississippiensis,645ab24495bd22ca2330fb67
American Crocodile,United States: FL (S2),Endangered; Threatened,G2,G2,Crocodylus acutus,Crocodilians,https://explorer.natureserve.org/Taxon/ELEMENT_GLOBAL.2.106064/Crocodylus_acutus,645ab24495bd22ca2330fb68
Guadalupe Fur Seal,"Canada
United States: CA (S1)",Threatened,G1,G1,Arctocephalus townsendi,Mammals,https://explorer.natureserve.org/Taxon/ELEMENT_GLOBAL.2.100800/Arctocephalus_townsendi,645ab24495bd22ca2330fb69
Bowhead,"Canada: NT (S4), NU (SNR), QC (SNA), YT (S3)
United States: AK (SNR), HI (SNR)",Endangered,G3,G3,Balaena mysticetus,Mammals,https://explorer.natureserve.org/Taxon/ELEMENT_GLOBAL.2.100016/Balaena_mysticetus,645ab24495bd22ca2330fb6a
Sei Whale,"Canada: BC (SHN), NB (S1), NS (S1), PE (SNR)
United States: AK (S3), CA (SNR), FL (SNR), GA (SNR), HI (SNR), MA (S1), MD (S1), ME (SNR), NC (SNA), NY (SNA), OR (SNA), RI (SNRN), SC (S1), TX (SNR), VA (SNR), WA (SNA)",Endangered,G5?,G5,Balaenoptera borealis,Mammals,https://explorer.natureserve.org/Taxon/ELEMENT_GLOBAL.2.102708/Balaenoptera_borealis,645ab24495bd22ca2330fb6b
Blue Whale,"Canada: BC (S1N), NS (SNRN), NU (SNR), PE (SNR), QC (S1)
United States: AK (S2), CA (SNR), FL (SNR), HI (SNR), MA (S1), MD (S1), ME (SNR), NY (SNA), OR (SNA), RI (SNRN), SC (SNR), TX (SH)",Endangered,G3G4,G3,Balaenoptera musculus,Mammals,https://explorer.natureserve.org/Taxon/ELEMENT_GLOBAL.2.101880/Balaenoptera_musculus,645ab24495bd22ca2330fb6c
Fin Whale,"Canada: BC (S2N), NB (S2), NS (S2), PE (SNR), QC (S3)
United States: AK (S3), CA (SNR), DE (SNA), FL (SNR), GA (SNR), HI (SNR), MA (S2), MD (S1), ME (SNR), NC (SNA), NJ (S1), NY (S1), OR (SNA), RI (SNRN), SC (SNR), TX (S1), VA (SNA)",Endangered,G3G4,G3,Balaenoptera physalus,Mammals,https://explorer.natureserve.org/Taxon/ELEMENT_GLOBAL.2.103352/Balaenoptera_physalus,645ab24495bd22ca2330fb6d
"Rice's Whale","United States: AL (SNR), FL (SNR), LA (SNR), TX (SNR)",Endangered,G1,G1,Balaenoptera ricei,Mammals,https://explorer.natureserve.org/Taxon/ELEMENT_GLOBAL.2.1215561/Balaenoptera_ricei,645ab24495bd22ca2330fb6e
"Sherman's Short-tailed Shrew",United States: FL (SH),Under Review,GH,GH,Blarina shermani,Mammals,https://explorer.natureserve.org/Taxon/ELEMENT_GLOBAL.2.100006/Blarina_shermani,645ab24495bd22ca2330fb6f
Red Wolf,"United States: AL (SX), AR (SX), FL (SX), GA (SX), IL (SX), IN (SX), KY (SX), LA (SX), MO (SX), MS (SX), NC (S1), OK (SX), SC (SH), TN (SX), TX (SX), VA (SX)","Endangered; Experimental population, non-essential",G1Q,G1,Canis rufus,Mammals,https://explorer.natureserve.org/Taxon/ELEMENT_GLOBAL.2.106386/Canis_rufus,645ab24495bd22ca2330fb70
Utah Prairie Dog,United States: UT (S2),Threatened,G2,G2,Cynomys parvidens,Mammals,https://explorer.natureserve.org/Taxon/ELEMENT_GLOBAL.2.104289/Cynomys_parvidens,645ab24495bd22ca2330fb71
Texas Kangaroo Rat,"United States: OK (S1), TX (S1)",Under Review,G2,G2,Dipodomys elator,Mammals,https://explorer.natureserve.org/Taxon/ELEMENT_GLOBAL.2.101748/Dipodomys_elator,645ab24495bd22ca2330fb72
Giant Kangaroo Rat,United States: CA (S1),Endangered,G1G2,G1,Dipodomys ingens,Mammals,https://explorer.natureserve.org/Taxon/ELEMENT_GLOBAL.2.103814/Dipodomys_ingens,645ab24495bd22ca2330fb73
"Stephens's Kangaroo Rat",United States: CA (S2),Threatened,G2,G2,Dipodomys stephensi,Mammals,https://explorer.natureserve.org/Taxon/ELEMENT_GLOBAL.2.103382/Dipodomys_stephensi,645ab24495bd22ca2330fb74
North Atlantic Right Whale,"Canada: NB (S1), NS (S1), PE (SH), QC (S1)
United States: DE (SXB), FL (S1), GA (S1), MA (S1), MD (S1), ME (SNR), NC (SNA), NJ (S1), NY (SNA), RI (SU), SC (S1), TX (S1)",Endangered,G1,G1,Eubalaena glacialis,Mammals,https://explorer.natureserve.org/Taxon/ELEMENT_GLOBAL.2.792042/Eubalaena_glacialis,645ab24495bd22ca2330fb75
North Pacific Right Whale,"Canada: BC (S1)
United States: AK (S1), CA (SNR), HI (S1), OR (SNA)",Endangered,G1,G1,Eubalaena japonica,Mammals,https://explorer.natureserve.org/Taxon/ELEMENT_GLOBAL.79.732610/Eubalaena_japonica,645ab24495bd22ca2330fb76
Steller Sea Lion,"Canada: BC (S3B,S4N)
United States: AK (S3), CA (S2), OR (S3), WA (S3N)",Endangered; Delisted,G3,G3,Eumetopias jubatus,Mammals,https://explorer.natureserve.org/Taxon/ELEMENT_GLOBAL.2.104433/Eumetopias_jubatus,645ab24495bd22ca2330fb77
Florida Bonneted Bat,United States: FL (S1),Endangered,G1,G1,Eumops floridanus,Mammals,https://explorer.natureserve.org/Taxon/ELEMENT_GLOBAL.2.104958/Eumops_floridanus,645ab24495bd22ca2330fb78
Hawaiian Hoary Bat,United States: HI (S2),Endangered,G2,G2,Lasiurus semotus,Mammals,https://explorer.natureserve.org/Taxon/ELEMENT_GLOBAL.2.102007/Lasiurus_semotus,645ab24495bd22ca2330fb79
Ocelot,"United States: AR (SX), AZ (S1), LA (SX), TX (S1)",Endangered,G4,G4,Leopardus pardalis,Mammals,https://explorer.natureserve.org/Taxon/ELEMENT_GLOBAL.2.104046/Leopardus_pardalis,645ab24495bd22ca2330fb7a
Mexican Long-nosed Bat,"United States: NM (S2), TX (S1)",Endangered,G3,G3,Leptonycteris nivalis,Mammals,https://explorer.natureserve.org/Taxon/ELEMENT_GLOBAL.2.104259/Leptonycteris_nivalis,645ab24495bd22ca2330fb7b
Lesser Long-nosed Bat,"United States: AZ (S2), CA (S1), NM (S3)",Delisted,G3,G3,Leptonycteris yerbabuenae,Mammals,https://explorer.natureserve.org/Taxon/ELEMENT_GLOBAL.2.106286/Leptonycteris_yerbabuenae,645ab24495bd22ca2330fb7c
Black-footed Ferret,"Canada: AB (SX), SK (SX)
United States: AZ (S1), CO (S1), KS (S1), MT (S1), ND (S1), NE (SH), NM (S1), NN (SX), OK (SX), SD (S1), TX (SX), UT (S1), WY (S1)","Endangered; Experimental population, non-essential",G1,G1,Mustela nigripes,Mammals,https://explorer.natureserve.org/Taxon/ELEMENT_GLOBAL.2.102031/Mustela_nigripes,645ab24495bd22ca2330fb7d
Gray Myotis,"United States: AL (S2), AR (S2), FL (S1), GA (S1), IL (S1), IN (S1), KS (S1B), KY (S2), MO (S3), MS (SH), NC (S1), OK (S1), SC (S1), TN (S2), VA (S1)",Endangered,G3G4,G3,Myotis grisescens,Mammals,https://explorer.natureserve.org/Taxon/ELEMENT_GLOBAL.2.104746/Myotis_grisescens,645ab24495bd22ca2330fb7e
Little Brown Myotis,"Canada: AB (S3B,SNRN,SNRM), BC (S3), LB (S3), MB (S2N,S5B), NB (S1), NF (S3), NS (S1), NT (S3), ON (S3), PE (S1), QC (S1), SK (S4B,S4N), YT (S3B)
United States: AK (S3), AL (S3), AR (S1), CO (S4), CT (S1), DC (S4), DE (S5), FL (SNR), GA (S1), IA (S4), ID (S3), IL (S5), IN (S2), KS (S3), KY (S2), MA (S2), MD (S1), ME (S5), MI (S1), MN (S3), MO (S2), MS (SH), MT (S3), NC (S2), ND (SNR), NE (SNR), NH (S1), NJ (S1), NV (S2), NY (S1), OH (S1), OK (S1), OR (S3), PA (S1), RI (S5), SC (S1), SD (S5), TN (S3), UT (S3), VA (S2), VT (S1), WA (S3), WI (S3), WV (S2), WY (S5)",Under Review,G3G4,G3,Myotis lucifugus,Mammals,https://explorer.natureserve.org/Taxon/ELEMENT_GLOBAL.2.100473/Myotis_lucifugus,645ab24495bd22ca2330fb7f
Northern Long-eared Bat,"Canada: AB (S2), BC (S2), LB (S2), MB (S3N,S4B), NB (S1), NF (S2), NS (S1), NT (S2), ON (S3), PE (S1), QC (S1), SK (S3), YT (S1B)
United States: AL (S2), AR (S1), CT (S1), DC (S4), DE (SU), FL (SH), GA (S1), IA (S4), IL (S1), IN (S2), KS (S3), KY (S1), LA (S1), MA (S1), MD (S1), ME (S1), MI (S1), MN (S3), MO (S1), MS (S1N), MT (S2), NC (S2), ND (SU), NE (S1), NH (S1), NJ (S1), NY (S1), OH (S1), OK (S2), PA (S1), RI (S2), SC (S1), SD (S2), TN (S1), VA (S2), VT (S1), WI (S1), WV (S1), WY (S1B,S1N)",Threatened; Proposed endangered,G2G3,G2,Myotis septentrionalis,Mammals,https://explorer.natureserve.org/Taxon/ELEMENT_GLOBAL.2.102615/Myotis_septentrionalis,645ab24495bd22ca2330fb80
Indiana Myotis,"United States: AL (S2), AR (S1), CT (SHN), GA (S1), IA (S1), IL (S1), IN (S1), KY (S1), MA (SH), MD (S1), MI (S1), MO (S1), MS (S1B), NC (S1), NJ (S1), NY (S1), OH (S1), OK (S1), PA (S1), SC (S1), TN (S1), VA (S1), VT (S1), WV (S1)",Endangered,G2,G2,Myotis sodalis,Mammals,https://explorer.natureserve.org/Taxon/ELEMENT_GLOBAL.2.100428/Myotis_sodalis,645ab24495bd22ca2330fb81
Hawaiian Monk Seal,United States: HI (S2),Endangered,G2,G2,Neomonachus schauinslandi,Mammals,https://explorer.natureserve.org/Taxon/ELEMENT_GLOBAL.2.102125/Neomonachus_schauinslandi,645ab24495bd22ca2330fb82
Caribbean Monk Seal,United States: FL (SX),Delisted,GX,GX,Neomonachus tropicalis,Mammals,https://explorer.natureserve.org/Taxon/ELEMENT_GLOBAL.2.106297/Neomonachus_tropicalis,645ab24495bd22ca2330fb83
Jaguar,"United States: AZ (S1), CA (SNR), LA (SX), NM (S1), TX (SX)",Endangered,G3,G3,Panthera onca,Mammals,https://explorer.natureserve.org/Taxon/ELEMENT_GLOBAL.2.103664/Panthera_onca,645ab24495bd22ca2330fb84
Tricolored Bat,"Canada: NB (S1), NS (S1), ON (S3), QC (S1)
United States: AL (S3), AR (S5), CO (S2), CT (S1), DC (S4), DE (S4), FL (S2), GA (S2), IA (S4), IL (SNR), IN (S2), KS (S4), KY (S2), LA (S4), MA (S1), MD (S1), ME (SU), MI (S1), MN (S3), MO (S2), MS (S3), NC (S3), NE (S3), NH (S1), NJ (S1), NM (S3), NY (S1), OH (S1), OK (S3), PA (S1), RI (S4), SC (S1), TN (S2), TX (S2), VA (S2), VT (S1), WI (S2), WV (S2), WY (S1)",Proposed endangered,G3G4,G3,Perimyotis subflavus,Mammals,https://explorer.natureserve.org/Taxon/ELEMENT_GLOBAL.2.102580/Perimyotis_subflavus,645ab24495bd22ca2330fb85
Sperm Whale,"Canada: BC (S3), QC (S3)
United States: AK (S3), CA (SNR), FL (SNR), GA (SNR), HI (SNR), MA (S1), MD (S1), ME (SNR), MS (SNR), NC (SNA), NY (SNA), OR (SNA), SC (S1), TX (S1)",Endangered,G3G4,G3,Physeter macrocephalus,Mammals,https://explorer.natureserve.org/Taxon/ELEMENT_GLOBAL.2.101043/Physeter_macrocephalus,645ab24495bd22ca2330fb86
Salt-marsh Harvest Mouse,United States: CA (S1),Endangered,G1G2,G1,Reithrodontomys raviventris,Mammals,https://explorer.natureserve.org/Taxon/ELEMENT_GLOBAL.2.102291/Reithrodontomys_raviventris,645ab24495bd22ca2330fb87
West Indian Manatee,"United States: AL (S1), FL (S2), GA (S2), LA (S1N), MS (S1N), NC (S1N), SC (S1), TX (S1)",Threatened,G2G3,G2,Trichechus manatus,Mammals,https://explorer.natureserve.org/Taxon/ELEMENT_GLOBAL.2.103099/Trichechus_manatus,645ab24495bd22ca2330fb88
Northern Idaho Ground Squirrel,United States: ID (S2),Threatened,G2,G2,Urocitellus brunneus,Mammals,https://explorer.natureserve.org/Taxon/ELEMENT_GLOBAL.2.102796/Urocitellus_brunneus,645ab24495bd22ca2330fb89
Polar Bear,"Canada: LB (S2), MB (S2), NT (S3), NU (S3), ON (S3), QC (S3), YT (S1)
United States: AK (S2)",Threatened,G3,G3,Ursus maritimus,Mammals,https://explorer.natureserve.org/Taxon/ELEMENT_GLOBAL.2.102211/Ursus_maritimus,645ab24495bd22ca2330fb8a
Temblor Legless Lizard,United States: CA (S1),Under Review,G1,G1,Anniella alexanderae,Reptiles,https://explorer.natureserve.org/Taxon/ELEMENT_GLOBAL.2.960627/Anniella_alexanderae,645ab24495bd22ca2330fb8b
Eastern Diamond-backed Rattlesnake,"United States: AL (S3), FL (S3), GA (S4), LA (S1), MS (S3), NC (S1), SC (S3)",Under Review,G3,G3,Crotalus adamanteus,Reptiles,https://explorer.natureserve.org/Taxon/ELEMENT_GLOBAL.2.101938/Crotalus_adamanteus,645ab24495bd22ca2330fb8c
Eastern Indigo Snake,"United States: AL (S1), FL (S2), GA (S2), MS (SX), SC (SNR)",Threatened,G3,G3,Drymarchon couperi,Reptiles,https://explorer.natureserve.org/Taxon/ELEMENT_GLOBAL.2.102208/Drymarchon_couperi,645ab24495bd22ca2330fb8d
Blunt-nosed Leopard Lizard,United States: CA (S1),Endangered,G1,G1,Gambelia sila,Reptiles,https://explorer.natureserve.org/Taxon/ELEMENT_GLOBAL.2.101103/Gambelia_sila,645ab24495bd22ca2330fb8e
Northern Spot-tailed Earless Lizard,United States: TX (S2),Under Review,GNR,GNR,Holbrookia lacerata,Reptiles,https://explorer.natureserve.org/Taxon/ELEMENT_GLOBAL.2.835515/Holbrookia_lacerata,645ab24495bd22ca2330fb8f
Short-tailed Kingsnake,United States: FL (S3),Under Review,G3,G3,Lampropeltis extenuata,Reptiles,https://explorer.natureserve.org/Taxon/ELEMENT_GLOBAL.2.106507/Lampropeltis_extenuata,645ab24495bd22ca2330fb90
Concho Watersnake,United States: TX (S1),Delisted,G1,G1,Nerodia paucimaculata,Reptiles,https://explorer.natureserve.org/Taxon/ELEMENT_GLOBAL.2.103615/Nerodia_paucimaculata,645ab24495bd22ca2330fb91
Louisiana Pinesnake,"United States: LA (S2), TX (S1)",Threatened,G1G2,G1,Pituophis ruthveni,Reptiles,https://explorer.natureserve.org/Taxon/ELEMENT_GLOBAL.2.102626/Pituophis_ruthveni,645ab24495bd22ca2330fb92
Florida Sand Skink,United States: FL (S3),Threatened,G3,G3,Plestiodon reynoldsi,Reptiles,https://explorer.natureserve.org/Taxon/ELEMENT_GLOBAL.2.100093/Plestiodon_reynoldsi,645ab24495bd22ca2330fb93
Dunes Sagebrush Lizard,"United States: NM (S2), TX (S1)",Under Review,G1,G1,Sceloporus arenicolus,Reptiles,https://explorer.natureserve.org/Taxon/ELEMENT_GLOBAL.2.105095/Sceloporus_arenicolus,645ab24495bd22ca2330fb94
Florida Scrub Lizard,United States: FL (S2),Under Review,G2G3,G2,Sceloporus woodi,Reptiles,https://explorer.natureserve.org/Taxon/ELEMENT_GLOBAL.2.100784/Sceloporus_woodi,645ab24495bd22ca2330fb95
Eastern Massasauga,"Canada: ON (S3)
United States: IA (SNR), IL (S1), IN (S2), MI (S3), MO (SX), NY (S1), OH (S2), PA (S1), WI (S1)",Threatened,G3,G3,Sistrurus catenatus,Reptiles,https://explorer.natureserve.org/Taxon/ELEMENT_GLOBAL.2.105543/Sistrurus_catenatus,645ab24495bd22ca2330fb96
Rim Rock Crowned Snake,United States: FL (S1),Proposed endangered,G1G2,G1,Tantilla oolitica,Reptiles,https://explorer.natureserve.org/Taxon/ELEMENT_GLOBAL.2.105313/Tantilla_oolitica,645ab24495bd22ca2330fb97
Giant Gartersnake,United States: CA (S2),Threatened,G2,G2,Thamnophis gigas,Reptiles,https://explorer.natureserve.org/Taxon/ELEMENT_GLOBAL.2.106098/Thamnophis_gigas,645ab24495bd22ca2330fb98
Narrow-headed Gartersnake,"United States: AZ (S2), NM (S2)",Threatened,G3G4,G3,Thamnophis rufipunctatus,Reptiles,https://explorer.natureserve.org/Taxon/ELEMENT_GLOBAL.2.103150/Thamnophis_rufipunctatus,645ab24495bd22ca2330fb99
Coachella Fringe-toed Lizard,United States: CA (S1),Threatened,G1Q,G1,Uma inornata,Reptiles,https://explorer.natureserve.org/Taxon/ELEMENT_GLOBAL.2.103488/Uma_inornata,645ab24495bd22ca2330fb9a
Yuman Desert Fringe-toed Lizard,United States: AZ (S2),Under Review,GUQ,GU,Uma rufopunctata,Reptiles,https://explorer.natureserve.org/Taxon/ELEMENT_GLOBAL.2.1163682/Uma_rufopunctata,645ab24495bd22ca2330fb9b
Island Night Lizard,United States: CA (S3),Delisted,G3,G3,Xantusia riversiana,Reptiles,https://explorer.natureserve.org/Taxon/ELEMENT_GLOBAL.2.106467/Xantusia_riversiana,645ab24495bd22ca2330fb9c
Loggerhead Sea Turtle,"Canada
United States: AL (S1), CA (SNR), CT (S1N), DE (SNA), FL (S3), GA (S3), LA (S1B,S3N), MA (S1N), MD (S1B,S1N), ME (SNR), MS (S1B), NC (S2B), NJ (S1M), NY (S1N), OR (SNA), RI (SNR), SC (S3), TX (S4), VA (S1B,S1N)",Endangered; Threatened,G3,G3,Caretta caretta,Turtles,https://explorer.natureserve.org/Taxon/ELEMENT_GLOBAL.2.105239/Caretta_caretta,645ab24495bd22ca2330fb9d
Green Sea Turtle,"Canada
United States: AL (S1), CA (S4), CT (S1N), DE (SNA), FL (S2), GA (S1), HI (S3), LA (S1M), MA (S1N), MD (S1N), ME (SNR), MS (SNA), NC (S1B), NJ (S1M), NY (S1N), OR (SNA), RI (SNR), SC (S1), TX (S3B,S3N), VA (SNA)",Endangered; Threatened,G3,G3,Chelonia mydas,Turtles,https://explorer.natureserve.org/Taxon/ELEMENT_GLOBAL.2.104885/Chelonia_mydas,645ab24495bd22ca2330fb9e
Spotted Turtle,"Canada: ON (S2)
United States: CT (S3), DC (S1), DE (S3), FL (S2), GA (S3), IL (S1), IN (S2), MA (S4), MD (S3), ME (S3), MI (S2), NC (S4), NH (S2), NJ (S3), NY (S3), OH (S3), PA (S3), RI (S5), SC (S3), VA (S4), VT (S1), WV (S1)",Under Review,G5,G5,Clemmys guttata,Turtles,https://explorer.natureserve.org/Taxon/ELEMENT_GLOBAL.2.100580/Clemmys_guttata,645ab24495bd22ca2330fb9f
Leatherback Sea Turtle,"Canada: BC (S1N), NB (SNRN), NS (SNRN), PE (SNR), QC (S3N)
United States: AK (S2), CA (SNA), CT (S1N), DE (SNA), FL (S2), GA (S1), HI (S1), LA (S1M), MA (S1N), MD (S1N), ME (SNR), MS (SNA), NC (S1B,SUN), NH (SNR), NJ (S1M), NY (S1N), OR (SNA), RI (SNR), SC (S1), TX (S1), VA (SNA)",Endangered,G2,G2,Dermochelys coriacea,Turtles,https://explorer.natureserve.org/Taxon/ELEMENT_GLOBAL.2.103708/Dermochelys_coriacea,645ab24495bd22ca2330fba0
"Blanding's Turtle","Canada: NS (S1), ON (S3), QC (S2)
United States: IA (S3), IL (S3), IN (S2), MA (S2), ME (S2), MI (S2), MN (S2), MO (S1), NE (S4), NH (S1), NY (S2), OH (S2), PA (S1), SD (SH), WI (S3)",Under Review,G4,G4,Emydoidea blandingii,Turtles,https://explorer.natureserve.org/Taxon/ELEMENT_GLOBAL.2.100408/Emydoidea_blandingii,645ab24495bd22ca2330fba1
Hawksbill Sea Turtle,"United States: CA (SNA), DE (SNA), FL (S1), HI (S1), LA (S1M), MS (SNA), NJ (S1M), RI (SNR), SC (S1N), TX (S2)",Endangered,G3,G3,Eretmochelys imbricata,Turtles,https://explorer.natureserve.org/Taxon/ELEMENT_GLOBAL.2.102642/Eretmochelys_imbricata,645ab24495bd22ca2330fba2
Wood Turtle,"Canada: NB (S2), NS (S2), ON (S2), QC (S3)
United States: CT (S3), DC (SH), IA (S1), MA (S3), MD (S2), ME (S4), MI (S2), MN (S2), NH (S3), NJ (S2), NY (S3), PA (S3), RI (S2), VA (S2), VT (S3), WI (S3), WV (S3)",Under Review,G3,G3,Glyptemys insculpta,Turtles,https://explorer.natureserve.org/Taxon/ELEMENT_GLOBAL.2.100280/Glyptemys_insculpta,645ab24495bd22ca2330fba3
Bog Turtle,"United States: CT (S1), DC (SX), DE (S1), GA (S2), MA (S1), MD (S2), NC (S2), NJ (S1), NY (S2), PA (S2), SC (S1), TN (S1), VA (S2)",Threatened; Threatened due to similarity of appearance,G2G3,G2,Glyptemys muhlenbergii,Turtles,https://explorer.natureserve.org/Taxon/ELEMENT_GLOBAL.2.101495/Glyptemys_muhlenbergii,645ab24495bd22ca2330fba4
Mohave Desert Tortoise,"United States: AZ (S2), CA (S2), NV (S2), UT (S2)",Threatened,G3,G3,Gopherus agassizii,Turtles,https://explorer.natureserve.org/Taxon/ELEMENT_GLOBAL.2.102027/Gopherus_agassizii,645ab24495bd22ca2330fba5
"Barbour's Map Turtle","United States: AL (S2), FL (S2), GA (S3)",Proposed threatened due to similarity of appearance,G2,G2,Graptemys barbouri,Turtles,https://explorer.natureserve.org/Taxon/ELEMENT_GLOBAL.2.105092/Graptemys_barbouri,645ab24495bd22ca2330fba6
Escambia Map Turtle,"United States: AL (S2), FL (S2)",Proposed threatened due to similarity of appearance,G2,G2,Graptemys ernsti,Turtles,https://explorer.natureserve.org/Taxon/ELEMENT_GLOBAL.2.103688/Graptemys_ernsti,645ab24495bd22ca2330fba7
Yellow-blotched Map Turtle,United States: MS (S2),Threatened,G2G3,G2,Graptemys flavimaculata,Turtles,https://explorer.natureserve.org/Taxon/ELEMENT_GLOBAL.2.103582/Graptemys_flavimaculata,645ab24495bd22ca2330fba8
Pascagoula Map Turtle,United States: MS (S2),Proposed threatened due to similarity of appearance,G2G3,G2,Graptemys gibbonsi,Turtles,https://explorer.natureserve.org/Taxon/ELEMENT_GLOBAL.2.844122/Graptemys_gibbonsi,645ab24495bd22ca2330fba9
Black-knobbed Map Turtle,"United States: AL (S4), MS (S2)",Under Review,G3,G3,Graptemys nigrinoda,Turtles,https://explorer.natureserve.org/Taxon/ELEMENT_GLOBAL.2.106155/Graptemys_nigrinoda,645ab24495bd22ca2330fbaa
Ringed Map Turtle,"United States: LA (S2), MS (S2)",Threatened,G2,G2,Graptemys oculifera,Turtles,https://explorer.natureserve.org/Taxon/ELEMENT_GLOBAL.2.105779/Graptemys_oculifera,645ab24495bd22ca2330fbab
Pearl River Map Turtle,"United States: LA (S3), MS (S2)",Proposed threatened,G2G3,G2,Graptemys pearlensis,Turtles,https://explorer.natureserve.org/Taxon/ELEMENT_GLOBAL.2.844120/Graptemys_pearlensis,645ab24495bd22ca2330fbac
Alabama Map Turtle,"United States: AL (S3), GA (S3), MS (S2)",Proposed threatened due to similarity of appearance,G4,G4,Graptemys pulchra,Turtles,https://explorer.natureserve.org/Taxon/ELEMENT_GLOBAL.2.103963/Graptemys_pulchra,645ab24495bd22ca2330fbad
"Kemp's Ridley Sea Turtle","Canada
United States: AL (S1), CT (S1N), DE (SNA), FL (S1), GA (S1), LA (S1B,S3N), MA (S1N), MD (S1N), ME (SNR), MS (S1N,S1B), NC (S1B,SUN), NH (SNR), NJ (S1M), NY (S1N), RI (SNR), SC (S1N), TX (S3), VA (S1N)",Endangered,G1,G1,Lepidochelys kempii,Turtles,https://explorer.natureserve.org/Taxon/ELEMENT_GLOBAL.2.100121/Lepidochelys_kempii,645ab24495bd22ca2330fbae
Olive Ridley Sea Turtle,"United States: AK (SNA), CA (SNA), HI (S1), OR (SNA)",Endangered; Threatened,G2G4,G3,Lepidochelys olivacea,Turtles,https://explorer.natureserve.org/Taxon/ELEMENT_GLOBAL.2.106179/Lepidochelys_olivacea,645ab24495bd22ca2330fbaf
Suwannee Alligator Snapping Turtle,"United States: FL (S2), GA (S2)",Proposed threatened,G2,G2,Macrochelys suwanniensis,Turtles,https://explorer.natureserve.org/Taxon/ELEMENT_GLOBAL.23.32240/Macrochelys_suwanniensis,645ab24495bd22ca2330fbb0
Alligator Snapping Turtle,"United States: AL (S3), AR (S3), FL (S3), GA (S3), IA (SU), IL (S1), IN (SH), KY (S1), LA (S3), MO (S2), MS (S3), OK (S2), TN (S2), TX (S2)",Proposed threatened,G3,G3,Macrochelys temminckii,Turtles,https://explorer.natureserve.org/Taxon/ELEMENT_GLOBAL.2.102590/Macrochelys_temminckii,645ab24495bd22ca2330fbb1
Alabama Red-bellied Cooter,"United States: AL (S1), MS (S1)",Endangered,G1,G1,Pseudemys alabamensis,Turtles,https://explorer.natureserve.org/Taxon/ELEMENT_GLOBAL.2.100294/Pseudemys_alabamensis,645ab24495bd22ca2330fbb2
Florida Red-bellied Cooter,"United States: FL (S5), GA (S2), TX (SNA)",Under Review,G5,G5,Pseudemys nelsoni,Turtles,https://explorer.natureserve.org/Taxon/ELEMENT_GLOBAL.2.104452/Pseudemys_nelsoni,645ab24495bd22ca2330fbb3
Flattened Musk Turtle,United States: AL (S2),Threatened,G1,G1,Sternotherus depressus,Turtles,https://explorer.natureserve.org/Taxon/ELEMENT_GLOBAL.2.105823/Sternotherus_depressus,645ab24495bd22ca2330fbb4
Shortnose Sturgeon,"Canada: NB (S3)
United States: CT (S1), DC (SX), DE (S3N), FL (S1), GA (S2), MA (S1), MD (S1), ME (S3), NC (S1), NH (S1), NJ (S1), NY (S1), PA (S2), RI (SH), SC (S3), VA (SHB,S1N)",Endangered,G3,G3,Acipenser brevirostrum,"Fishes - Freshwater and Anadromous Bony, Cartilaginous; Lampreys",https://explorer.natureserve.org/Taxon/ELEMENT_GLOBAL.2.105033/Acipenser_brevirostrum,645ab24495bd22ca2330fbb5
Lake Sturgeon,"Canada: AB (S1), MB (S2), ON (S3), QC (S3), SK (S2)
United States: AL (S1), AR (S2), GA (S3), IA (S1), IL (S1), IN (S1), KS (SH), KY (S1), MI (S2), MN (S3), MO (S1), NC (S1), ND (SX), NE (S1), NY (S2), OH (S1), PA (S1), SD (S2), TN (S1), VT (S1), WI (S3), WV (SX)",Under Review,G3G4,G3,Acipenser fulvescens,"Fishes - Freshwater and Anadromous Bony, Cartilaginous; Lampreys",https://explorer.natureserve.org/Taxon/ELEMENT_GLOBAL.2.104232/Acipenser_fulvescens,645ab24495bd22ca2330fbb6
Northern Cavefish,United States: KY (S3),Under Review,G2G3,G2,Amblyopsis spelaea,"Fishes - Freshwater and Anadromous Bony, Cartilaginous; Lampreys",https://explorer.natureserve.org/Taxon/ELEMENT_GLOBAL.2.1005197/Amblyopsis_spelaea,645ab24495bd22ca2330fbb7
Modoc Sucker,"United States: CA (S2), OR (S1)",Delisted,G2G3,G2,Catostomus microps,"Fishes - Freshwater and Anadromous Bony, Cartilaginous; Lampreys",https://explorer.natureserve.org/Taxon/ELEMENT_GLOBAL.2.101328/Catostomus_microps,645ab24495bd22ca2330fbb8
Santa Ana Sucker,United States: CA (S1),Threatened,G1,G1,Catostomus santaanae,"Fishes - Freshwater and Anadromous Bony, Cartilaginous; Lampreys",https://explorer.natureserve.org/Taxon/ELEMENT_GLOBAL.2.103583/Catostomus_santaanae,645ab24495bd22ca2330fbb9
Warner Sucker,"United States: NV (S1), OR (S1)",Threatened,G1,G1,Catostomus warnerensis,"Fishes - Freshwater and Anadromous Bony, Cartilaginous; Lampreys",https://explorer.natureserve.org/Taxon/ELEMENT_GLOBAL.2.100954/Catostomus_warnerensis,645ab24495bd22ca2330fbba
Shortnose Sucker,"United States: CA (S1), OR (S1)",Endangered,G1G2,G1,Chasmistes brevirostris,"Fishes - Freshwater and Anadromous Bony, Cartilaginous; Lampreys",https://explorer.natureserve.org/Taxon/ELEMENT_GLOBAL.2.106479/Chasmistes_brevirostris,645ab24495bd22ca2330fbbb
Cui-ui,United States: NV (S1),Endangered,G1,G1,Chasmistes cujus,"Fishes - Freshwater and Anadromous Bony, Cartilaginous; Lampreys",https://explorer.natureserve.org/Taxon/ELEMENT_GLOBAL.2.106051/Chasmistes_cujus,645ab24495bd22ca2330fbbc
June Sucker,United States: UT (S2),Threatened,G2,G2,Chasmistes liorus,"Fishes - Freshwater and Anadromous Bony, Cartilaginous; Lampreys",https://explorer.natureserve.org/Taxon/ELEMENT_GLOBAL.2.100138/Chasmistes_liorus,645ab24495bd22ca2330fbbd
Blackside Dace,"United States: KY (S2), TN (S2), VA (S1)",Threatened,G2,G2,Chrosomus cumberlandensis,"Fishes - Freshwater and Anadromous Bony, Cartilaginous; Lampreys",https://explorer.natureserve.org/Taxon/ELEMENT_GLOBAL.2.106572/Chrosomus_cumberlandensis,645ab24495bd22ca2330fbbe
Laurel Dace,United States: TN (S1),Endangered,G1,G1,Chrosomus saylori,"Fishes - Freshwater and Anadromous Bony, Cartilaginous; Lampreys",https://explorer.natureserve.org/Taxon/ELEMENT_GLOBAL.2.106151/Chrosomus_saylori,645ab24495bd22ca2330fbbf
Pygmy Sculpin,United States: AL (S1),Threatened,G1,G1,Cottus paulus,"Fishes - Freshwater and Anadromous Bony, Cartilaginous; Lampreys",https://explorer.natureserve.org/Taxon/ELEMENT_GLOBAL.2.103831/Cottus_paulus,645ab24495bd22ca2330fbc0
Grotto Sculpin,United States: MO (S1),Endangered,G2,G2,Cottus specus,"Fishes - Freshwater and Anadromous Bony, Cartilaginous; Lampreys",https://explorer.natureserve.org/Taxon/ELEMENT_GLOBAL.2.100691/Cottus_specus,645ab24495bd22ca2330fbc1
Railroad Valley Springfish,United States: NV (S2),Threatened,G1,G1,Crenichthys nevadae,"Fishes - Freshwater and Anadromous Bony, Cartilaginous; Lampreys",https://explorer.natureserve.org/Taxon/ELEMENT_GLOBAL.2.103873/Crenichthys_nevadae,645ab24495bd22ca2330fbc2
Diamond Darter,"United States: IN (SH), KY (SX), OH (SX), TN (SX), WV (S1)",Endangered,G1,G1,Crystallaria cincotta,"Fishes - Freshwater and Anadromous Bony, Cartilaginous; Lampreys",https://explorer.natureserve.org/Taxon/ELEMENT_GLOBAL.2.831356/Crystallaria_cincotta,645ab24495bd22ca2330fbc3
Blue Shiner,"United States: AL (S1), GA (S2), TN (S1)",Threatened,G2,G2,Cyprinella caerulea,"Fishes - Freshwater and Anadromous Bony, Cartilaginous; Lampreys",https://explorer.natureserve.org/Taxon/ELEMENT_GLOBAL.2.106038/Cyprinella_caerulea,645ab24495bd22ca2330fbc4
Beautiful Shiner,"United States: AZ (SX,S1), NM (SX)",Threatened,G3,G3,Cyprinella formosa,"Fishes - Freshwater and Anadromous Bony, Cartilaginous; Lampreys",https://explorer.natureserve.org/Taxon/ELEMENT_GLOBAL.2.105433/Cyprinella_formosa,645ab24495bd22ca2330fbc5
Plateau Shiner,United States: TX (S2),Under Review,G1G2,G1,Cyprinella lepida,"Fishes - Freshwater and Anadromous Bony, Cartilaginous; Lampreys",https://explorer.natureserve.org/Taxon/ELEMENT_GLOBAL.2.104413/Cyprinella_lepida,645ab24495bd22ca2330fbc6
Altamaha Shiner,United States: GA (S2),Under Review,G2G3,G2,Cyprinella xaenura,"Fishes - Freshwater and Anadromous Bony, Cartilaginous; Lampreys",https://explorer.natureserve.org/Taxon/ELEMENT_GLOBAL.2.102978/Cyprinella_xaenura,645ab24495bd22ca2330fbc7
Leon Springs Pupfish,United States: TX (S1),Endangered,G1,G1,Cyprinodon bovinus,"Fishes - Freshwater and Anadromous Bony, Cartilaginous; Lampreys",https://explorer.natureserve.org/Taxon/ELEMENT_GLOBAL.2.103789/Cyprinodon_bovinus,645ab24495bd22ca2330fbc8
"Devil's Hole Pupfish",United States: NV (S1),Endangered,G1,G1,Cyprinodon diabolis,"Fishes - Freshwater and Anadromous Bony, Cartilaginous; Lampreys",https://explorer.natureserve.org/Taxon/ELEMENT_GLOBAL.2.106259/Cyprinodon_diabolis,645ab24495bd22ca2330fbc9
Comanche Springs Pupfish,United States: TX (S1),Endangered,G1,G1,Cyprinodon elegans,"Fishes - Freshwater and Anadromous Bony, Cartilaginous; Lampreys",https://explorer.natureserve.org/Taxon/ELEMENT_GLOBAL.2.103179/Cyprinodon_elegans,645ab24495bd22ca2330fbca
Desert Pupfish,"United States: AZ (S1), CA (S1)",Endangered,G1,G1,Cyprinodon macularius,"Fishes - Freshwater and Anadromous Bony, Cartilaginous; Lampreys",https://explorer.natureserve.org/Taxon/ELEMENT_GLOBAL.2.105718/Cyprinodon_macularius,645ab24495bd22ca2330fbcb
Pecos Pupfish,"United States: NM (S1), TX (S1)",Under Review,G2,G2,Cyprinodon pecosensis,"Fishes - Freshwater and Anadromous Bony, Cartilaginous; Lampreys",https://explorer.natureserve.org/Taxon/ELEMENT_GLOBAL.2.104698/Cyprinodon_pecosensis,645ab24495bd22ca2330fbcc
Owens Pupfish,United States: CA (S1),Endangered,G1,G1,Cyprinodon radiosus,"Fishes - Freshwater and Anadromous Bony, Cartilaginous; Lampreys",https://explorer.natureserve.org/Taxon/ELEMENT_GLOBAL.2.104524/Cyprinodon_radiosus,645ab24495bd22ca2330fbcd
White Sands Pupfish,United States: NM (S1),Under Review,G1,G1,Cyprinodon tularosa,"Fishes - Freshwater and Anadromous Bony, Cartilaginous; Lampreys",https://explorer.natureserve.org/Taxon/ELEMENT_GLOBAL.2.102766/Cyprinodon_tularosa,645ab24495bd22ca2330fbce
Lost River Sucker,"United States: CA (S1), OR (S1)",Endangered,G2?,G2,Deltistes luxatus,"Fishes - Freshwater and Anadromous Bony, Cartilaginous; Lampreys",https://explorer.natureserve.org/Taxon/ELEMENT_GLOBAL.2.102932/Deltistes_luxatus,645ab24495bd22ca2330fbcf
Devils River Minnow,United States: TX (S1),Threatened,G1,G1,Dionda diaboli,"Fishes - Freshwater and Anadromous Bony, Cartilaginous; Lampreys",https://explorer.natureserve.org/Taxon/ELEMENT_GLOBAL.2.102364/Dionda_diaboli,645ab24495bd22ca2330fbd0
Spring Pygmy Sunfish,United States: AL (S1),Threatened,G1,G1,Elassoma alabamae,"Fishes - Freshwater and Anadromous Bony, Cartilaginous; Lampreys",https://explorer.natureserve.org/Taxon/ELEMENT_GLOBAL.2.106437/Elassoma_alabamae,645ab24495bd22ca2330fbd1
Pahrump Poolfish,United States: NV (S1),Endangered,G1,G1,Empetrichthys latos,"Fishes - Freshwater and Anadromous Bony, Cartilaginous; Lampreys",https://explorer.natureserve.org/Taxon/ELEMENT_GLOBAL.2.103289/Empetrichthys_latos,645ab24495bd22ca2330fbd2
Desert Dace,United States: NV (S1),Threatened,G1,G1,Eremichthys acros,"Fishes - Freshwater and Anadromous Bony, Cartilaginous; Lampreys",https://explorer.natureserve.org/Taxon/ELEMENT_GLOBAL.2.102361/Eremichthys_acros,645ab24495bd22ca2330fbd3
Spotfin Chub,"United States: AL (SX), GA (SX), NC (S1), TN (S2), VA (S1)","Threatened; Experimental population, non-essential",G2,G2,Erimonax monachus,"Fishes - Freshwater and Anadromous Bony, Cartilaginous; Lampreys",https://explorer.natureserve.org/Taxon/ELEMENT_GLOBAL.2.105913/Erimonax_monachus,645ab24495bd22ca2330fbd4
Slender Chub,"United States: TN (S1), VA (S1)","Threatened; Experimental population, non-essential",G1,G1,Erimystax cahni,"Fishes - Freshwater and Anadromous Bony, Cartilaginous; Lampreys",https://explorer.natureserve.org/Taxon/ELEMENT_GLOBAL.2.106109/Erimystax_cahni,645ab24495bd22ca2330fbd5
Bluemask Darter,United States: TN (S1),Endangered,G1,G1,Etheostoma akatulo,"Fishes - Freshwater and Anadromous Bony, Cartilaginous; Lampreys",https://explorer.natureserve.org/Taxon/ELEMENT_GLOBAL.2.104779/Etheostoma_akatulo,645ab24495bd22ca2330fbd6
Slackwater Darter,"United States: AL (S1), TN (S1)",Threatened,G1,G1,Etheostoma boschungi,"Fishes - Freshwater and Anadromous Bony, Cartilaginous; Lampreys",https://explorer.natureserve.org/Taxon/ELEMENT_GLOBAL.2.106525/Etheostoma_boschungi,645ab24495bd22ca2330fbd7
Vermilion Darter,United States: AL (S1),Endangered,G1,G1,Etheostoma chermocki,"Fishes - Freshwater and Anadromous Bony, Cartilaginous; Lampreys",https://explorer.natureserve.org/Taxon/ELEMENT_GLOBAL.2.105491/Etheostoma_chermocki,645ab24495bd22ca2330fbd8
Relict Darter,United States: KY (S1),Endangered; Proposed threatened,G1,G1,Etheostoma chienense,"Fishes - Freshwater and Anadromous Bony, Cartilaginous; Lampreys",https://explorer.natureserve.org/Taxon/ELEMENT_GLOBAL.2.105789/Etheostoma_chienense,645ab24495bd22ca2330fbd9
Etowah Darter,United States: GA (S1),Endangered,G1,G1,Etheostoma etowahae,"Fishes - Freshwater and Anadromous Bony, Cartilaginous; Lampreys",https://explorer.natureserve.org/Taxon/ELEMENT_GLOBAL.2.103687/Etheostoma_etowahae,645ab24495bd22ca2330fbda
Fountain Darter,United States: TX (S1),Endangered,G1,G1,Etheostoma fonticola,"Fishes - Freshwater and Anadromous Bony, Cartilaginous; Lampreys",https://explorer.natureserve.org/Taxon/ELEMENT_GLOBAL.2.105040/Etheostoma_fonticola,645ab24495bd22ca2330fbdb
Smallscale Darter,"United States: KY (S1), TN (S2)",Under Review,G2G3,G2,Etheostoma microlepidum,"Fishes - Freshwater and Anadromous Bony, Cartilaginous; Lampreys",https://explorer.natureserve.org/Taxon/ELEMENT_GLOBAL.2.104185/Etheostoma_microlepidum,645ab24495bd22ca2330fbdc
Yellowcheek Darter,United States: AR (S1),Endangered,G1,G1,Etheostoma moorei,"Fishes - Freshwater and Anadromous Bony, Cartilaginous; Lampreys",https://explorer.natureserve.org/Taxon/ELEMENT_GLOBAL.2.105669/Etheostoma_moorei,645ab24495bd22ca2330fbdd
Niangua Darter,United States: MO (S2),Threatened,G2,G2,Etheostoma nianguae,"Fishes - Freshwater and Anadromous Bony, Cartilaginous; Lampreys",https://explorer.natureserve.org/Taxon/ELEMENT_GLOBAL.2.106021/Etheostoma_nianguae,645ab24495bd22ca2330fbde
Watercress Darter,United States: AL (S1),Endangered,G1,G1,Etheostoma nuchale,"Fishes - Freshwater and Anadromous Bony, Cartilaginous; Lampreys",https://explorer.natureserve.org/Taxon/ELEMENT_GLOBAL.2.100151/Etheostoma_nuchale,645ab24495bd22ca2330fbdf
Okaloosa Darter,United States: FL (S2),Threatened; Proposed for delisting,G2G3,G2,Etheostoma okaloosae,"Fishes - Freshwater and Anadromous Bony, Cartilaginous; Lampreys",https://explorer.natureserve.org/Taxon/ELEMENT_GLOBAL.2.104661/Etheostoma_okaloosae,645ab24495bd22ca2330fbe0
Candy Darter,"United States: VA (S1), WV (S1)",Endangered,G3,G3,Etheostoma osburni,"Fishes - Freshwater and Anadromous Bony, Cartilaginous; Lampreys",https://explorer.natureserve.org/Taxon/ELEMENT_GLOBAL.2.105680/Etheostoma_osburni,645ab24495bd22ca2330fbe1
Paleback Darter,United States: AR (S2),Under Review,G2,G2,Etheostoma pallididorsum,"Fishes - Freshwater and Anadromous Bony, Cartilaginous; Lampreys",https://explorer.natureserve.org/Taxon/ELEMENT_GLOBAL.2.101058/Etheostoma_pallididorsum,645ab24495bd22ca2330fbe2
Rush Darter,United States: AL (S1),Endangered,G1,G1,Etheostoma phytophilum,"Fishes - Freshwater and Anadromous Bony, Cartilaginous; Lampreys",https://explorer.natureserve.org/Taxon/ELEMENT_GLOBAL.2.105223/Etheostoma_phytophilum,645ab24495bd22ca2330fbe3
Egg-mimic Darter,United States: TN (S1),Under Review,G1,G1,Etheostoma pseudovulatum,"Fishes - Freshwater and Anadromous Bony, Cartilaginous; Lampreys",https://explorer.natureserve.org/Taxon/ELEMENT_GLOBAL.2.104843/Etheostoma_pseudovulatum,645ab24495bd22ca2330fbe4
Bayou Darter,United States: MS (S1),Threatened,G1,G1,Etheostoma rubrum,"Fishes - Freshwater and Anadromous Bony, Cartilaginous; Lampreys",https://explorer.natureserve.org/Taxon/ELEMENT_GLOBAL.2.103143/Etheostoma_rubrum,645ab24495bd22ca2330fbe5
Cherokee Darter,United States: GA (S2),Threatened,G2,G2,Etheostoma scotti,"Fishes - Freshwater and Anadromous Bony, Cartilaginous; Lampreys",https://explorer.natureserve.org/Taxon/ELEMENT_GLOBAL.2.101141/Etheostoma_scotti,645ab24495bd22ca2330fbe6
Maryland Darter,United States: MD (SH),Endangered,GH,GH,Etheostoma sellare,"Fishes - Freshwater and Anadromous Bony, Cartilaginous; Lampreys",https://explorer.natureserve.org/Taxon/ELEMENT_GLOBAL.2.105802/Etheostoma_sellare,645ab24495bd22ca2330fbe7
Cumberland Plateau Darter,United States: KY (S2),Threatened,G2G3,G2,Etheostoma spilotum,"Fishes - Freshwater and Anadromous Bony, Cartilaginous; Lampreys",https://explorer.natureserve.org/Taxon/ELEMENT_GLOBAL.2.105403/Etheostoma_spilotum,645ab24495bd22ca2330fbe8
Striated Darter,United States: TN (S1),Under Review,G1,G1,Etheostoma striatulum,"Fishes - Freshwater and Anadromous Bony, Cartilaginous; Lampreys",https://explorer.natureserve.org/Taxon/ELEMENT_GLOBAL.2.105581/Etheostoma_striatulum,645ab24495bd22ca2330fbe9
Cumberland Darter,"United States: KY (S1), TN (S1)",Endangered,G1G2,G1,Etheostoma susanae,"Fishes - Freshwater and Anadromous Bony, Cartilaginous; Lampreys",https://explorer.natureserve.org/Taxon/ELEMENT_GLOBAL.2.102786/Etheostoma_susanae,645ab24495bd22ca2330fbea
Shawnee Darter,United States: KY (S2),Under Review,G2G3,G2,Etheostoma tecumsehi,"Fishes - Freshwater and Anadromous Bony, Cartilaginous; Lampreys",https://explorer.natureserve.org/Taxon/ELEMENT_GLOBAL.2.105844/Etheostoma_tecumsehi,645ab24495bd22ca2330fbeb
Trispot Darter,"United States: AL (S1), GA (S1), TN (S1)",Threatened,G1,G1,Etheostoma trisella,"Fishes - Freshwater and Anadromous Bony, Cartilaginous; Lampreys",https://explorer.natureserve.org/Taxon/ELEMENT_GLOBAL.2.105359/Etheostoma_trisella,645ab24495bd22ca2330fbec
Tuscumbia Darter,"United States: AL (S2), TN (SX)",Under Review,G2,G2,Etheostoma tuscumbia,"Fishes - Freshwater and Anadromous Bony, Cartilaginous; Lampreys",https://explorer.natureserve.org/Taxon/ELEMENT_GLOBAL.2.106174/Etheostoma_tuscumbia,645ab24495bd22ca2330fbed
Boulder Darter,"United States: AL (S1), TN (S1)","Endangered; Experimental population, non-essential",G1,G1,Etheostoma wapiti,"Fishes - Freshwater and Anadromous Bony, Cartilaginous; Lampreys",https://explorer.natureserve.org/Taxon/ELEMENT_GLOBAL.2.101522/Etheostoma_wapiti,645ab24495bd22ca2330fbee
Tidewater Goby,United States: CA (S3),Endangered; Proposed threatened,G3,G3,Eucyclogobius newberryi,"Fishes - Freshwater and Anadromous Bony, Cartilaginous; Lampreys",https://explorer.natureserve.org/Taxon/ELEMENT_GLOBAL.2.102265/Eucyclogobius_newberryi,645ab24495bd22ca2330fbef
Saltmarsh Topminnow,"United States: AL (S1), FL (S2), LA (S3), MS (S2), TX (S1)",Under Review,G3,G3,Fundulus jenkinsi,"Fishes - Freshwater and Anadromous Bony, Cartilaginous; Lampreys",https://explorer.natureserve.org/Taxon/ELEMENT_GLOBAL.2.100689/Fundulus_jenkinsi,645ab24495bd22ca2330fbf0
Barrens Topminnow,United States: TN (S1),Endangered,G1,G1,Fundulus julisia,"Fishes - Freshwater and Anadromous Bony, Cartilaginous; Lampreys",https://explorer.natureserve.org/Taxon/ELEMENT_GLOBAL.2.104388/Fundulus_julisia,645ab24495bd22ca2330fbf1
Amistad Gambusia,United States: TX (SX),Delisted,GX,GX,Gambusia amistadensis,"Fishes - Freshwater and Anadromous Bony, Cartilaginous; Lampreys",https://explorer.natureserve.org/Taxon/ELEMENT_GLOBAL.2.105674/Gambusia_amistadensis,645ab24495bd22ca2330fbf2
Big Bend Gambusia,United States: TX (S1),Endangered,G1,G1,Gambusia gaigei,"Fishes - Freshwater and Anadromous Bony, Cartilaginous; Lampreys",https://explorer.natureserve.org/Taxon/ELEMENT_GLOBAL.2.105244/Gambusia_gaigei,645ab24495bd22ca2330fbf3
San Marcos Gambusia,United States: TX (SX),Endangered; Proposed for delisting,GX,GX,Gambusia georgei,"Fishes - Freshwater and Anadromous Bony, Cartilaginous; Lampreys",https://explorer.natureserve.org/Taxon/ELEMENT_GLOBAL.2.100088/Gambusia_georgei,645ab24495bd22ca2330fbf4
Clear Creek Gambusia,United States: TX (S1),Endangered,G1,G1,Gambusia heterochir,"Fishes - Freshwater and Anadromous Bony, Cartilaginous; Lampreys",https://explorer.natureserve.org/Taxon/ELEMENT_GLOBAL.2.102551/Gambusia_heterochir,645ab24495bd22ca2330fbf5
Pecos Gambusia,"United States: NM (S1), TX (S2)",Endangered,G2,G2,Gambusia nobilis,"Fishes - Freshwater and Anadromous Bony, Cartilaginous; Lampreys",https://explorer.natureserve.org/Taxon/ELEMENT_GLOBAL.2.103760/Gambusia_nobilis,645ab24495bd22ca2330fbf6
Humpback Chub,"United States: AZ (S1), CO (S1), NN (S1), NV (SX), UT (S2), WY (SX)",Threatened,G1,G1,Gila cypha,"Fishes - Freshwater and Anadromous Bony, Cartilaginous; Lampreys",https://explorer.natureserve.org/Taxon/ELEMENT_GLOBAL.2.102735/Gila_cypha,645ab24495bd22ca2330fbf7
Sonora Chub,United States: AZ (S1),Threatened,G2G3,G2,Gila ditaenia,"Fishes - Freshwater and Anadromous Bony, Cartilaginous; Lampreys",https://explorer.natureserve.org/Taxon/ELEMENT_GLOBAL.2.105596/Gila_ditaenia,645ab24495bd22ca2330fbf8
Bonytail,"United States: AZ (S1), CA (SH), CO (SX), NM (SX), NN (SX), NV (S1), UT (S1), WY (SX)",Endangered,G1,G1,Gila elegans,"Fishes - Freshwater and Anadromous Bony, Cartilaginous; Lampreys",https://explorer.natureserve.org/Taxon/ELEMENT_GLOBAL.2.105598/Gila_elegans,645ab24495bd22ca2330fbf9
Gila Chub,"United States: AZ (S2), NM (S1)",Endangered,G2,G2,Gila intermedia,"Fishes - Freshwater and Anadromous Bony, Cartilaginous; Lampreys",https://explorer.natureserve.org/Taxon/ELEMENT_GLOBAL.2.104901/Gila_intermedia,645ab24495bd22ca2330fbfa
Chihuahua Chub,United States: NM (S1),Threatened,G1G2,G1,Gila nigrescens,"Fishes - Freshwater and Anadromous Bony, Cartilaginous; Lampreys",https://explorer.natureserve.org/Taxon/ELEMENT_GLOBAL.2.100986/Gila_nigrescens,645ab24495bd22ca2330fbfb
Yaqui Chub,United States: AZ (S1),Endangered,G1,G1,Gila purpurea,"Fishes - Freshwater and Anadromous Bony, Cartilaginous; Lampreys",https://explorer.natureserve.org/Taxon/ELEMENT_GLOBAL.2.101820/Gila_purpurea,645ab24495bd22ca2330fbfc
Virgin River Chub,"United States: AZ (S1), NV (S1), UT (S1)",Endangered,G1,G1,Gila seminuda,"Fishes - Freshwater and Anadromous Bony, Cartilaginous; Lampreys",https://explorer.natureserve.org/Taxon/ELEMENT_GLOBAL.2.102842/Gila_seminuda,645ab24495bd22ca2330fbfd
Rio Grande Silvery Minnow,"United States: NM (S1), TX (SX)","Endangered; Experimental population, non-essential",G1,G1,Hybognathus amarus,"Fishes - Freshwater and Anadromous Bony, Cartilaginous; Lampreys",https://explorer.natureserve.org/Taxon/ELEMENT_GLOBAL.2.101946/Hybognathus_amarus,645ab24495bd22ca2330fbfe
Delta Smelt,United States: CA (S1),Threatened,G1,G1,Hypomesus transpacificus,"Fishes - Freshwater and Anadromous Bony, Cartilaginous; Lampreys",https://explorer.natureserve.org/Taxon/ELEMENT_GLOBAL.2.103172/Hypomesus_transpacificus,645ab24495bd22ca2330fbff
Yaqui Catfish,United States: AZ (S1),Threatened,G2,G2,Ictalurus pricei,"Fishes - Freshwater and Anadromous Bony, Cartilaginous; Lampreys",https://explorer.natureserve.org/Taxon/ELEMENT_GLOBAL.2.106405/Ictalurus_pricei,645ab24495bd22ca2330fc00
White River Spinedace,United States: NV (S1),Endangered,G1,G1,Lepidomeda albivallis,"Fishes - Freshwater and Anadromous Bony, Cartilaginous; Lampreys",https://explorer.natureserve.org/Taxon/ELEMENT_GLOBAL.2.101984/Lepidomeda_albivallis,645ab24495bd22ca2330fc01
Little Colorado Spinedace,United States: AZ (S1),Threatened,G1G2,G1,Lepidomeda vittata,"Fishes - Freshwater and Anadromous Bony, Cartilaginous; Lampreys",https://explorer.natureserve.org/Taxon/ELEMENT_GLOBAL.2.104457/Lepidomeda_vittata,645ab24495bd22ca2330fc02
Prairie Chub,"United States: OK (S2), TX (S1)",Under Review,G3,G3,Macrhybopsis australis,"Fishes - Freshwater and Anadromous Bony, Cartilaginous; Lampreys",https://explorer.natureserve.org/Taxon/ELEMENT_GLOBAL.2.102137/Macrhybopsis_australis,645ab24495bd22ca2330fc03
Sturgeon Chub,"United States: AR (SNR), IA (SH), IL (S1), KS (S1), KY (S1), MO (S3), MS (SH), MT (S2), ND (S2), NE (S1), SD (S3), TN (S1), WY (S1)",Under Review,G3,G3,Macrhybopsis gelida,"Fishes - Freshwater and Anadromous Bony, Cartilaginous; Lampreys",https://explorer.natureserve.org/Taxon/ELEMENT_GLOBAL.2.106309/Macrhybopsis_gelida,645ab24495bd22ca2330fc04
Sicklefin Chub,"United States: AR (S1), IA (S1), IL (S1), KS (S1), KY (S1), MO (S5), MS (S1), MT (S1), ND (S2), NE (S1), SD (S1), TN (S2)",Under Review,G3,G3,Macrhybopsis meeki,"Fishes - Freshwater and Anadromous Bony, Cartilaginous; Lampreys",https://explorer.natureserve.org/Taxon/ELEMENT_GLOBAL.2.101978/Macrhybopsis_meeki,645ab24495bd22ca2330fc05
Peppered Chub,"United States: CO (SX), KS (S1), NM (S1), OK (SNR), TX (S1)",Endangered,G1,G1,Macrhybopsis tetranema,"Fishes - Freshwater and Anadromous Bony, Cartilaginous; Lampreys",https://explorer.natureserve.org/Taxon/ELEMENT_GLOBAL.2.103660/Macrhybopsis_tetranema,645ab24495bd22ca2330fc06
Spikedace,"United States: AZ (S1), NM (S1)",Endangered,G2,G2,Meda fulgida,"Fishes - Freshwater and Anadromous Bony, Cartilaginous; Lampreys",https://explorer.natureserve.org/Taxon/ELEMENT_GLOBAL.2.103103/Meda_fulgida,645ab24495bd22ca2330fc07
Waccamaw Silverside,United States: NC (S1),Threatened,G1,G1,Menidia extensa,"Fishes - Freshwater and Anadromous Bony, Cartilaginous; Lampreys",https://explorer.natureserve.org/Taxon/ELEMENT_GLOBAL.2.103624/Menidia_extensa,645ab24495bd22ca2330fc08
Moapa Dace,United States: NV (S1),Endangered,G1,G1,Moapa coriacea,"Fishes - Freshwater and Anadromous Bony, Cartilaginous; Lampreys",https://explorer.natureserve.org/Taxon/ELEMENT_GLOBAL.2.105633/Moapa_coriacea,645ab24495bd22ca2330fc09
Robust Redhorse,"United States: GA (S1), NC (S1), SC (S1)",Under Review,G1,G1,Moxostoma robustum,"Fishes - Freshwater and Anadromous Bony, Cartilaginous; Lampreys",https://explorer.natureserve.org/Taxon/ELEMENT_GLOBAL.2.100557/Moxostoma_robustum,645ab24495bd22ca2330fc0a
Palezone Shiner,"United States: AL (S1), KY (S1), TN (SH)",Endangered,G1,G1,Notropis albizonatus,"Fishes - Freshwater and Anadromous Bony, Cartilaginous; Lampreys",https://explorer.natureserve.org/Taxon/ELEMENT_GLOBAL.2.105904/Notropis_albizonatus,645ab24495bd22ca2330fc0b
Popeye Shiner,"United States: AL (SX), GA (S1), IN (SX), KY (S3), OH (S1), PA (SX), TN (S3), VA (S2), WV (S2)",Under Review,G3,G3,Notropis ariommus,"Fishes - Freshwater and Anadromous Bony, Cartilaginous; Lampreys",https://explorer.natureserve.org/Taxon/ELEMENT_GLOBAL.2.106578/Notropis_ariommus,645ab24495bd22ca2330fc0c
Smalleye Shiner,United States: TX (S1),Endangered,G2,G2,Notropis buccula,"Fishes - Freshwater and Anadromous Bony, Cartilaginous; Lampreys",https://explorer.natureserve.org/Taxon/ELEMENT_GLOBAL.2.101716/Notropis_buccula,645ab24495bd22ca2330fc0d
Cahaba Shiner,United States: AL (S2),Endangered,G2,G2,Notropis cahabae,"Fishes - Freshwater and Anadromous Bony, Cartilaginous; Lampreys",https://explorer.natureserve.org/Taxon/ELEMENT_GLOBAL.2.105506/Notropis_cahabae,645ab24495bd22ca2330fc0e
Rio Grande Shiner,"United States: NM (S2), TX (S1)",Under Review,G3,G3,Notropis jemezanus,"Fishes - Freshwater and Anadromous Bony, Cartilaginous; Lampreys",https://explorer.natureserve.org/Taxon/ELEMENT_GLOBAL.2.104556/Notropis_jemezanus,645ab24495bd22ca2330fc0f
Cape Fear Shiner,United States: NC (S1),Endangered,G1,G1,Notropis mekistocholas,"Fishes - Freshwater and Anadromous Bony, Cartilaginous; Lampreys",https://explorer.natureserve.org/Taxon/ELEMENT_GLOBAL.2.104147/Notropis_mekistocholas,645ab24495bd22ca2330fc10
Sharpnose Shiner,United States: TX (S1),Endangered,G3,G3,Notropis oxyrhynchus,"Fishes - Freshwater and Anadromous Bony, Cartilaginous; Lampreys",https://explorer.natureserve.org/Taxon/ELEMENT_GLOBAL.2.106208/Notropis_oxyrhynchus,645ab24495bd22ca2330fc11
Ozark Shiner,"United States: AR (S3), MO (S2)",Under Review,G3,G3,Notropis ozarcanus,"Fishes - Freshwater and Anadromous Bony, Cartilaginous; Lampreys",https://explorer.natureserve.org/Taxon/ELEMENT_GLOBAL.2.101911/Notropis_ozarcanus,645ab24495bd22ca2330fc12
Peppered Shiner,"United States: AR (S3), OK (S2)",Under Review,G3,G3,Notropis perpallidus,"Fishes - Freshwater and Anadromous Bony, Cartilaginous; Lampreys",https://explorer.natureserve.org/Taxon/ELEMENT_GLOBAL.2.101737/Notropis_perpallidus,645ab24495bd22ca2330fc13
Rocky Shiner,"United States: AR (S2), OK (S3)",Under Review,G3G4,G3,Notropis suttkusi,"Fishes - Freshwater and Anadromous Bony, Cartilaginous; Lampreys",https://explorer.natureserve.org/Taxon/ELEMENT_GLOBAL.2.103711/Notropis_suttkusi,645ab24495bd22ca2330fc14
Topeka Shiner,"United States: IA (S2), KS (S2), MN (S3), MO (S1), NE (S1), SD (S3)","Endangered; Experimental population, non-essential",G3,G3,Notropis topeka,"Fishes - Freshwater and Anadromous Bony, Cartilaginous; Lampreys",https://explorer.natureserve.org/Taxon/ELEMENT_GLOBAL.2.105369/Notropis_topeka,645ab24495bd22ca2330fc15
Smoky Madtom,United States: TN (S1),"Endangered; Experimental population, non-essential",G1,G1,Noturus baileyi,"Fishes - Freshwater and Anadromous Bony, Cartilaginous; Lampreys",https://explorer.natureserve.org/Taxon/ELEMENT_GLOBAL.2.104060/Noturus_baileyi,645ab24495bd22ca2330fc16
Chucky Madtom,"United States: AL (SX), TN (S1)",Endangered,G1,G1,Noturus crypticus,"Fishes - Freshwater and Anadromous Bony, Cartilaginous; Lampreys",https://explorer.natureserve.org/Taxon/ELEMENT_GLOBAL.2.103958/Noturus_crypticus,645ab24495bd22ca2330fc17
Saddled Madtom,United States: TN (S2),Under Review,G2,G2,Noturus fasciatus,"Fishes - Freshwater and Anadromous Bony, Cartilaginous; Lampreys",https://explorer.natureserve.org/Taxon/ELEMENT_GLOBAL.2.104145/Noturus_fasciatus,645ab24495bd22ca2330fc18
Yellowfin Madtom,"United States: GA (SX), TN (S1), VA (S1)","Threatened; Experimental population, non-essential",G1,G1,Noturus flavipinnis,"Fishes - Freshwater and Anadromous Bony, Cartilaginous; Lampreys",https://explorer.natureserve.org/Taxon/ELEMENT_GLOBAL.2.102313/Noturus_flavipinnis,645ab24495bd22ca2330fc19
Carolina Madtom,United States: NC (S2),Endangered,G2,G2,Noturus furiosus,"Fishes - Freshwater and Anadromous Bony, Cartilaginous; Lampreys",https://explorer.natureserve.org/Taxon/ELEMENT_GLOBAL.2.103808/Noturus_furiosus,645ab24495bd22ca2330fc1a
Orangefin Madtom,"United States: NC (S1), VA (S2)",Under Review,G2,G2,Noturus gilberti,"Fishes - Freshwater and Anadromous Bony, Cartilaginous; Lampreys",https://explorer.natureserve.org/Taxon/ELEMENT_GLOBAL.2.103813/Noturus_gilberti,645ab24495bd22ca2330fc1b
Piebald Madtom,"United States: MS (S1), TN (S3)",Under Review,G3,G3,Noturus gladiator,"Fishes - Freshwater and Anadromous Bony, Cartilaginous; Lampreys",https://explorer.natureserve.org/Taxon/ELEMENT_GLOBAL.2.814750/Noturus_gladiator,645ab24495bd22ca2330fc1c
Neosho Madtom,"United States: KS (S2), MO (S1), OK (S1)",Threatened,G2,G2,Noturus placidus,"Fishes - Freshwater and Anadromous Bony, Cartilaginous; Lampreys",https://explorer.natureserve.org/Taxon/ELEMENT_GLOBAL.2.103697/Noturus_placidus,645ab24495bd22ca2330fc1d
Pygmy Madtom,United States: TN (S1),"Endangered; Experimental population, non-essential",G1,G1,Noturus stanauli,"Fishes - Freshwater and Anadromous Bony, Cartilaginous; Lampreys",https://explorer.natureserve.org/Taxon/ELEMENT_GLOBAL.2.102805/Noturus_stanauli,645ab24495bd22ca2330fc1e
Caddo Madtom,United States: AR (S1),Under Review,G1,G1,Noturus taylori,"Fishes - Freshwater and Anadromous Bony, Cartilaginous; Lampreys",https://explorer.natureserve.org/Taxon/ELEMENT_GLOBAL.2.100771/Noturus_taylori,645ab24495bd22ca2330fc1f
Scioto Madtom,United States: OH (SX),Endangered; Proposed for delisting,GX,GX,Noturus trautmani,"Fishes - Freshwater and Anadromous Bony, Cartilaginous; Lampreys",https://explorer.natureserve.org/Taxon/ELEMENT_GLOBAL.2.100241/Noturus_trautmani,645ab24495bd22ca2330fc20
Apache Trout,United States: AZ (S2),Threatened,G3,G3,Oncorhynchus apache,"Fishes - Freshwater and Anadromous Bony, Cartilaginous; Lampreys",https://explorer.natureserve.org/Taxon/ELEMENT_GLOBAL.2.101654/Oncorhynchus_apache,645ab24495bd22ca2330fc21
Oregon Chub,United States: OR (S3),Delisted,G3,G3,Oregonichthys crameri,"Fishes - Freshwater and Anadromous Bony, Cartilaginous; Lampreys",https://explorer.natureserve.org/Taxon/ELEMENT_GLOBAL.2.103713/Oregonichthys_crameri,645ab24495bd22ca2330fc22
Amber Darter,"United States: GA (S1), TN (S1)",Endangered,G1G2,G1,Percina antesella,"Fishes - Freshwater and Anadromous Bony, Cartilaginous; Lampreys",https://explorer.natureserve.org/Taxon/ELEMENT_GLOBAL.2.105987/Percina_antesella,645ab24495bd22ca2330fc23
Goldline Darter,"United States: AL (S1), GA (S2), TN (SNR)",Threatened,G2,G2,Percina aurolineata,"Fishes - Freshwater and Anadromous Bony, Cartilaginous; Lampreys",https://explorer.natureserve.org/Taxon/ELEMENT_GLOBAL.2.102368/Percina_aurolineata,645ab24495bd22ca2330fc24
Pearl Darter,"United States: LA (SH), MS (S1)",Threatened,G1,G1,Percina aurora,"Fishes - Freshwater and Anadromous Bony, Cartilaginous; Lampreys",https://explorer.natureserve.org/Taxon/ELEMENT_GLOBAL.2.101272/Percina_aurora,645ab24495bd22ca2330fc25
Chesapeake Logperch,"United States: MD (S1), PA (S1), VA (S1)",Under Review,G1G2,G1,Percina bimaculata,"Fishes - Freshwater and Anadromous Bony, Cartilaginous; Lampreys",https://explorer.natureserve.org/Taxon/ELEMENT_GLOBAL.2.844068/Percina_bimaculata,645ab24495bd22ca2330fc26
Coal Darter,United States: AL (S2),Under Review,G2,G2,Percina brevicauda,"Fishes - Freshwater and Anadromous Bony, Cartilaginous; Lampreys",https://explorer.natureserve.org/Taxon/ELEMENT_GLOBAL.2.101481/Percina_brevicauda,645ab24495bd22ca2330fc27
Halloween Darter,"United States: AL (S1), GA (S2)",Under Review,G2,G2,Percina crypta,"Fishes - Freshwater and Anadromous Bony, Cartilaginous; Lampreys",https://explorer.natureserve.org/Taxon/ELEMENT_GLOBAL.24.32025/Percina_crypta,645ab24495bd22ca2330fc28
Bluestripe Darter,United States: MO (S2),Under Review,G2,G2,Percina cymatotaenia,"Fishes - Freshwater and Anadromous Bony, Cartilaginous; Lampreys",https://explorer.natureserve.org/Taxon/ELEMENT_GLOBAL.2.102395/Percina_cymatotaenia,645ab24495bd22ca2330fc29
Conasauga Logperch,"United States: GA (S1), TN (S1)",Endangered,G1,G1,Percina jenkinsi,"Fishes - Freshwater and Anadromous Bony, Cartilaginous; Lampreys",https://explorer.natureserve.org/Taxon/ELEMENT_GLOBAL.2.104957/Percina_jenkinsi,645ab24495bd22ca2330fc2a
Longnose Darter,"United States: AR (S3), MO (S1), OK (S1)",Under Review,G3,G3,Percina nasuta,"Fishes - Freshwater and Anadromous Bony, Cartilaginous; Lampreys",https://explorer.natureserve.org/Taxon/ELEMENT_GLOBAL.2.1099054/Percina_nasuta,645ab24495bd22ca2330fc2b
Leopard Darter,"United States: AR (S1), OK (S1)",Threatened,G2,G2,Percina pantherina,"Fishes - Freshwater and Anadromous Bony, Cartilaginous; Lampreys",https://explorer.natureserve.org/Taxon/ELEMENT_GLOBAL.2.106091/Percina_pantherina,645ab24495bd22ca2330fc2c
Roanoke Logperch,"United States: NC (S1), VA (S1)",Endangered,G1G2,G1,Percina rex,"Fishes - Freshwater and Anadromous Bony, Cartilaginous; Lampreys",https://explorer.natureserve.org/Taxon/ELEMENT_GLOBAL.2.102785/Percina_rex,645ab24495bd22ca2330fc2d
Bankhead Darter,United States: AL (S1),Under Review,G1,G1,Percina sipsi,"Fishes - Freshwater and Anadromous Bony, Cartilaginous; Lampreys",https://explorer.natureserve.org/Taxon/ELEMENT_GLOBAL.2.104072/Percina_sipsi,645ab24495bd22ca2330fc2e
Snail Darter,"United States: AL (S1), GA (S1), MS (S1), TN (S2)",Delisted,G2G3,G2,Percina tanasi,"Fishes - Freshwater and Anadromous Bony, Cartilaginous; Lampreys",https://explorer.natureserve.org/Taxon/ELEMENT_GLOBAL.2.101085/Percina_tanasi,645ab24495bd22ca2330fc2f
Sickle Darter,"United States: NC (SX), TN (S2), VA (S1)",Proposed threatened,G2,G2,Percina williamsi,"Fishes - Freshwater and Anadromous Bony, Cartilaginous; Lampreys",https://explorer.natureserve.org/Taxon/ELEMENT_GLOBAL.2.814575/Percina_williamsi,645ab24495bd22ca2330fc30
Woundfin,"United States: AZ (S1), NV (S1), UT (S1)","Endangered; Experimental population, non-essential",G1,G1,Plagopterus argentissimus,"Fishes - Freshwater and Anadromous Bony, Cartilaginous; Lampreys",https://explorer.natureserve.org/Taxon/ELEMENT_GLOBAL.2.102603/Plagopterus_argentissimus,645ab24495bd22ca2330fc31
Mexican Blindcat,United States: TX (S1),Endangered,GNR,GNR,Prietella phreatophila,"Fishes - Freshwater and Anadromous Bony, Cartilaginous; Lampreys",https://explorer.natureserve.org/Taxon/ELEMENT_GLOBAL.2.974961/Prietella_phreatophila,645ab24495bd22ca2330fc32
Bluehead Shiner,"United States: AR (S3), IL (SX), LA (S2), MI (SNR), OK (S1), TX (S1)",Under Review,G3,G3,Pteronotropis hubbsi,"Fishes - Freshwater and Anadromous Bony, Cartilaginous; Lampreys",https://explorer.natureserve.org/Taxon/ELEMENT_GLOBAL.2.101918/Pteronotropis_hubbsi,645ab24495bd22ca2330fc33
Colorado Pikeminnow,"United States: AZ (S1), CA (SX), CO (S1), NM (S1), NN (S1), NV (SX), UT (S3), WY (SX)","Endangered; Experimental population, non-essential",G1,G1,Ptychocheilus lucius,"Fishes - Freshwater and Anadromous Bony, Cartilaginous; Lampreys",https://explorer.natureserve.org/Taxon/ELEMENT_GLOBAL.2.104138/Ptychocheilus_lucius,645ab24495bd22ca2330fc34
Relict Dace,United States: NV (S3),Under Review,G2G3,G2,Relictus solitarius,"Fishes - Freshwater and Anadromous Bony, Cartilaginous; Lampreys",https://explorer.natureserve.org/Taxon/ELEMENT_GLOBAL.2.104195/Relictus_solitarius,645ab24495bd22ca2330fc35
Loach Minnow,"United States: AZ (S1), NM (S1)",Endangered,G2,G2,Rhinichthys cobitis,"Fishes - Freshwater and Anadromous Bony, Cartilaginous; Lampreys",https://explorer.natureserve.org/Taxon/ELEMENT_GLOBAL.2.100258/Rhinichthys_cobitis,645ab24495bd22ca2330fc36
Dolly Varden,"Canada: AB (SNA), BC (S4), NT (S2), YT (S3)
United States: AK (S5), NM (SNA), NV (SNA), WA (S3)",Proposed threatened due to similarity of appearance,G5,G5,Salvelinus malma,"Fishes - Freshwater and Anadromous Bony, Cartilaginous; Lampreys",https://explorer.natureserve.org/Taxon/ELEMENT_GLOBAL.2.104555/Salvelinus_malma,645ab24495bd22ca2330fc37
Widemouth Blindcat,United States: TX (S1),Under Review,G1G2,G1,Satan eurystomus,"Fishes - Freshwater and Anadromous Bony, Cartilaginous; Lampreys",https://explorer.natureserve.org/Taxon/ELEMENT_GLOBAL.2.100902/Satan_eurystomus,645ab24495bd22ca2330fc38
Pallid Sturgeon,"United States: AR (S1), IA (S1), IL (S2), KS (S1), KY (S1), LA (S1), MO (S1), MS (S1), MT (S1), ND (S1), NE (S1), SD (S2), TN (S1)",Endangered,G2,G2,Scaphirhynchus albus,"Fishes - Freshwater and Anadromous Bony, Cartilaginous; Lampreys",https://explorer.natureserve.org/Taxon/ELEMENT_GLOBAL.2.103033/Scaphirhynchus_albus,645ab24495bd22ca2330fc39
Shovelnose Sturgeon,"United States: AL (SX), AR (S3), IA (S4), IL (S2), IN (S4), KS (S3), KY (S4), LA (S4), MN (S4), MO (S4), MS (S3), MT (S4), ND (SNR), NE (S4), NM (SX), OH (S1), OK (S1), PA (SX), SD (S3), TN (S4), TX (S2), WI (S4), WV (S1), WY (S1)",Threatened due to similarity of appearance,G4,G4,Scaphirhynchus platorynchus,"Fishes - Freshwater and Anadromous Bony, Cartilaginous; Lampreys",https://explorer.natureserve.org/Taxon/ELEMENT_GLOBAL.2.103361/Scaphirhynchus_platorynchus,645ab24495bd22ca2330fc3a
Alabama Sturgeon,"United States: AL (S1), MS (SH)",Endangered,G1,G1,Scaphirhynchus suttkusi,"Fishes - Freshwater and Anadromous Bony, Cartilaginous; Lampreys",https://explorer.natureserve.org/Taxon/ELEMENT_GLOBAL.2.100500/Scaphirhynchus_suttkusi,645ab24495bd22ca2330fc3b
Borax Lake Chub,United States: OR (S1),Delisted,G1,G1,Siphateles boraxobius,"Fishes - Freshwater and Anadromous Bony, Cartilaginous; Lampreys",https://explorer.natureserve.org/Taxon/ELEMENT_GLOBAL.2.105278/Siphateles_boraxobius,645ab24495bd22ca2330fc3c
Alabama Cavefish,United States: AL (S1),Endangered,G1,G1,Speoplatyrhinus poulsoni,"Fishes - Freshwater and Anadromous Bony, Cartilaginous; Lampreys",https://explorer.natureserve.org/Taxon/ELEMENT_GLOBAL.2.105723/Speoplatyrhinus_poulsoni,645ab24495bd22ca2330fc3d
Ozark Cavefish,"United States: AR (S1), KS (SNR), MO (S2), OK (S1)",Threatened,G3,G3,Troglichthys rosae,"Fishes - Freshwater and Anadromous Bony, Cartilaginous; Lampreys",https://explorer.natureserve.org/Taxon/ELEMENT_GLOBAL.2.102003/Troglichthys_rosae,645ab24495bd22ca2330fc3e
Toothless Blindcat,United States: TX (S1),Under Review,G1G2,G1,Trogloglanis pattersoni,"Fishes - Freshwater and Anadromous Bony, Cartilaginous; Lampreys",https://explorer.natureserve.org/Taxon/ELEMENT_GLOBAL.2.106498/Trogloglanis_pattersoni,645ab24495bd22ca2330fc3f
Razorback Sucker,"United States: AZ (S1), CA (S1), CO (S1), NM (S1), NN (S1), NV (S1), UT (S2), WY (SX)",Endangered; Proposed threatened,G1,G1,Xyrauchen texanus,"Fishes - Freshwater and Anadromous Bony, Cartilaginous; Lampreys",https://explorer.natureserve.org/Taxon/ELEMENT_GLOBAL.2.104297/Xyrauchen_texanus,645ab24495bd22ca2330fc40
Cusk,"Canada: LB (SNR), NB (SNR), NF (SNR), NS (SNR), QC (S3)
United States: ME (SNR)",Candidate,GNR,GNR,Brosme brosme,Fishes - Marine Bony and Cartilaginous; Hagfishes,https://explorer.natureserve.org/Taxon/ELEMENT_GLOBAL.2.101012/Brosme_brosme,645ab24495bd22ca2330fc41
Oceanic Whitetip Shark,"United States: DE (SNR), LA (SNR), TX (S2)",Threatened,GNR,GNR,Carcharhinus longimanus,Fishes - Marine Bony and Cartilaginous; Hagfishes,https://explorer.natureserve.org/Taxon/ELEMENT_GLOBAL.2.101389/Carcharhinus_longimanus,645ab24495bd22ca2330fc42
Nassau Grouper,United States: FL (S1),Threatened,G2,G2,Epinephelus striatus,Fishes - Marine Bony and Cartilaginous; Hagfishes,https://explorer.natureserve.org/Taxon/ELEMENT_GLOBAL.2.100993/Epinephelus_striatus,645ab24495bd22ca2330fc43
Shortfin Mako,"Canada: BC (SNR), QC (SNR)
United States: DE (SNR), ME (SNR), NY (SNR), TX (S2)",Candidate,GNR,GNR,Isurus oxyrinchus,Fishes - Marine Bony and Cartilaginous; Hagfishes,https://explorer.natureserve.org/Taxon/ELEMENT_GLOBAL.2.101125/Isurus_oxyrinchus,645ab24495bd22ca2330fc44
Giant Manta,"United States: FL (S1), LA (SNR)",Threatened,G3G4,G3,Manta birostris,Fishes - Marine Bony and Cartilaginous; Hagfishes,https://explorer.natureserve.org/Taxon/ELEMENT_GLOBAL.2.965348/Manta_birostris,645ab24495bd22ca2330fc45
Smalltooth Sawfish,"United States: AL (SNR), FL (S1), GA (SNR), LA (S1), MS (SNR), NC (SNR), SC (SNR), TX (SNR)",Endangered,G1G3,G2,Pristis pectinata,Fishes - Marine Bony and Cartilaginous; Hagfishes,https://explorer.natureserve.org/Taxon/ELEMENT_GLOBAL.2.100167/Pristis_pectinata,645ab24495bd22ca2330fc46
Largetooth Sawfish,"United States: FL (S1), TX (SX)",Endangered,G2G3,G2,Pristis pristis,Fishes - Marine Bony and Cartilaginous; Hagfishes,https://explorer.natureserve.org/Taxon/ELEMENT_GLOBAL.2.101971/Pristis_pristis,645ab24495bd22ca2330fc47
Totoaba,United States: CA (SNA),Endangered,G1,G1,Totoaba macdonaldi,Fishes - Marine Bony and Cartilaginous; Hagfishes,https://explorer.natureserve.org/Taxon/ELEMENT_GLOBAL.2.106054/Totoaba_macdonaldi,645ab24495bd22ca2330fc48